fdi,type,n,joint_failures,next_to_gap_pct,yolov8x_top1,yolov8x_lo,yolov8x_hi,rtdetr_l_top1,rtdetr_l_lo,rtdetr_l_hi,fasterrcnn_top1,fasterrcnn_lo,fasterrcnn_hi,position_only_top1,position_only_lo,position_only_hi
11,incisor,377,3,2.92,98.67,97.35,99.73,98.41,97.08,99.47,96.82,94.96,98.41,87.27,83.82,90.45
12,incisor,375,0,3.73,96.53,94.67,98.13,97.33,95.47,98.93,96.27,94.13,98.13,78.67,74.67,82.67
13,canine,383,3,11.75,98.43,97.13,99.48,97.91,96.34,99.22,94.52,92.17,96.61,81.46,77.55,85.38
14,premolar,357,3,10.08,92.44,89.64,94.96,91.60,88.52,94.40,90.48,87.39,93.28,72.55,68.07,77.03
15,premolar,352,3,14.20,91.76,88.92,94.32,93.18,90.34,95.74,94.03,91.48,96.31,73.30,68.47,77.84
16,molar,354,4,12.71,94.35,91.81,96.61,94.07,91.53,96.33,90.40,87.29,93.22,79.94,75.71,83.90
17,molar,382,8,31.94,91.62,88.74,94.24,91.10,88.22,93.72,88.22,85.08,91.36,76.96,72.51,80.89
18,third molar,297,8,2.69,93.60,90.57,96.30,94.61,91.92,96.97,91.92,88.55,94.95,83.50,79.12,87.54
21,incisor,380,3,4.21,98.42,97.11,99.47,98.42,97.11,99.47,96.32,94.47,98.16,87.11,83.68,90.26
22,incisor,372,3,1.88,98.12,96.77,99.46,97.85,96.24,99.19,95.43,93.28,97.31,81.72,77.69,85.48
23,canine,387,3,12.40,96.90,95.09,98.45,97.42,95.87,98.97,94.57,92.25,96.64,78.81,74.68,82.95
24,premolar,359,5,9.75,94.15,91.64,96.38,93.87,91.36,96.38,91.09,88.02,93.87,71.59,66.85,76.04
25,premolar,348,3,14.37,93.39,90.52,95.69,95.98,93.97,97.99,90.80,87.64,93.68,74.43,69.83,79.02
26,molar,343,4,11.66,94.75,92.13,97.08,94.75,92.42,97.08,93.29,90.38,95.92,76.38,71.72,80.76
27,molar,377,6,29.44,91.51,88.59,94.16,92.57,89.92,94.96,89.12,85.94,92.04,77.98,73.74,82.23
28,third molar,301,7,2.33,96.01,93.69,98.01,96.01,93.69,98.01,93.69,90.70,96.35,82.39,78.07,86.71
31,incisor,408,8,1.96,95.34,93.14,97.30,95.34,93.14,97.30,91.91,89.21,94.36,69.85,65.20,74.26
32,incisor,407,4,0.98,96.31,94.35,98.03,96.81,95.09,98.28,94.10,91.65,96.31,74.45,70.02,78.62
33,canine,417,6,7.43,96.16,94.24,97.84,96.40,94.48,98.08,93.53,91.13,95.68,73.14,68.82,77.22
34,premolar,397,6,10.08,96.47,94.46,98.24,95.21,92.95,97.23,92.44,89.67,94.96,71.54,67.00,76.07
35,premolar,369,3,26.56,95.12,92.68,97.29,94.85,92.41,97.02,93.50,90.79,95.93,78.59,74.25,82.66
36,molar,290,7,10.00,93.79,90.69,96.55,93.79,91.03,96.55,92.41,89.31,95.17,84.14,79.66,88.28
37,molar,345,6,36.23,95.07,92.75,97.10,93.04,90.43,95.65,91.01,87.83,93.91,83.48,79.70,87.25
38,third molar,300,8,11.33,94.00,91.00,96.67,95.33,93.00,97.67,92.67,89.67,95.33,88.33,84.67,92.00
41,incisor,406,6,1.48,94.33,91.87,96.55,93.84,91.38,96.06,93.35,90.89,95.57,70.69,66.26,75.12
42,incisor,409,7,1.96,94.87,92.67,96.82,95.35,93.15,97.31,93.15,90.71,95.60,76.28,72.13,80.20
43,canine,413,5,5.81,94.43,92.25,96.61,96.85,94.92,98.31,92.25,89.59,94.67,75.79,71.43,79.66
44,premolar,396,5,9.09,94.95,92.68,96.97,95.45,93.18,97.47,92.17,89.39,94.70,72.98,68.43,77.27
45,premolar,371,4,27.76,94.61,92.18,96.77,95.42,93.26,97.30,93.53,90.84,95.96,83.29,79.51,87.06
46,molar,289,9,10.38,94.46,91.70,96.89,92.73,89.62,95.50,92.39,89.27,95.16,85.12,80.97,88.93
47,molar,349,6,35.53,92.84,89.97,95.42,93.41,90.54,95.99,90.54,87.39,93.41,83.67,79.66,87.39
48,third molar,292,5,6.51,94.18,91.44,96.58,93.84,91.10,96.58,93.49,90.41,96.23,88.01,84.25,91.44
