detector,fold,n_xrays,n_teeth,det_top1,coord_top1,missed_pct,matched_only_top1,gap_pp,guard_failed
yolov8x,0,85,2267,95.1919,80.4146,1.3233,96.4685,14.7772,False
yolov8x,1,85,2327,94.3704,75.8058,1.8479,96.1471,18.5647,False
yolov8x,2,86,2361,95.7645,77.2554,1.3554,97.0803,18.5091,False
yolov8x,3,85,2356,95.0764,81.2818,1.1885,96.2199,13.7946,False
yolov8x,4,84,2291,94.3256,77.7390,1.7460,96.0018,16.5866,False
rtdetr_l,0,85,2267,95.6771,80.4146,0.6176,96.2716,15.2625,False
rtdetr_l,1,85,2327,94.2845,75.8058,1.1173,95.3498,18.4787,False
rtdetr_l,2,86,2361,95.9339,77.2554,0.3812,96.3010,18.6785,False
rtdetr_l,3,85,2356,95.1613,81.2818,0.5518,95.6893,13.8795,False
rtdetr_l,4,84,2291,93.6709,77.7390,1.0039,94.6208,15.9319,False
fasterrcnn,0,85,2267,92.9422,80.4146,0.9704,93.8530,12.5276,False
fasterrcnn,1,85,2327,92.3936,75.8058,1.0743,93.3970,16.5879,False
fasterrcnn,2,86,2361,92.8844,77.2554,0.6353,93.4783,15.6290,False
fasterrcnn,3,85,2356,93.4211,81.2818,0.8489,94.2209,12.1392,False
fasterrcnn,4,84,2291,92.0122,77.7390,1.0912,93.0274,14.2732,False
