rank,image_id,file_name,split,total_tooth_count,n_duplicate_codes,duplicate_codes,n_missing_codes,missing_codes,n_position_violations,n_wrong_quadrant_both_axes,likely_global_framing,position_violation_detail,anomaly_score,primary_reason,reason_breakdown
1,train_quadrant_enumeration_178,train_506.png,train_quadrant_enumeration,40,8,"31x2, 32x2, 33x2, 34x2, 35x2, 36x2, 37x2, 41x2",0,-,0,0,False,-,40.0,duplicate_codes,"duplicate_codes(+24.0), overcount(+16.0)"
2,train_quadrant_enumeration_344,train_507.png,train_quadrant_enumeration,30,7,"11x2, 12x2, 13x2, 14x2, 15x2, 16x2, 17x2",9,"24, 41, 42, 43, 44, 45, 46, 47, 48",8,0,True,"11: expected image-upper (y<=0.55), got y=0.658; 12: expected image-upper (y<=0.55), got y=0.677; 13: expected image-upper (y<=0.55), got y=0.674; 14: expected image-upper (y<=0.55), got y=0.675; 15: expected image-upper (y<=0.55), got y=0.674; 16: expected image-upper (y<=0.55), got y=0.672; 17: expected image-upper (y<=0.55), got y=0.660; 18: expected image-upper (y<=0.55), got y=0.631",37.45,duplicate_codes,"duplicate_codes(+21.0), single_axis_position(+16.0), missing_codes(+0.45)"
3,train_quadrant_enumeration_279,train_265.png,train_quadrant_enumeration,31,0,-,1,48,16,0,True,"11: expected image-upper (y<=0.55), got y=0.581; 12: expected image-upper (y<=0.55), got y=0.563; 13: expected image-upper (y<=0.55), got y=0.572; 14: expected image-upper (y<=0.55), got y=0.580; 15: expected image-upper (y<=0.55), got y=0.581; 16: expected image-upper (y<=0.55), got y=0.592; 17: expected image-upper (y<=0.55), got y=0.598; 18: expected image-upper (y<=0.55), got y=0.598; 21: expected image-upper (y<=0.55), got y=0.574; 22: expected image-upper (y<=0.55), got y=0.561; 23: expected image-upper (y<=0.55), got y=0.571; 24: expected image-upper (y<=0.55), got y=0.560; 25: expected image-upper (y<=0.55), got y=0.569; 26: expected image-upper (y<=0.55), got y=0.573; 27: expected image-upper (y<=0.55), got y=0.580; 28: expected image-upper (y<=0.55), got y=0.570",32.05,single_axis_position,"single_axis_position(+32.0), missing_codes(+0.05)"
4,train_quadrant_enumeration_117,train_502.png,train_quadrant_enumeration,29,0,-,3,"18, 26, 38",13,0,True,"11: expected image-upper (y<=0.55), got y=0.604; 12: expected image-upper (y<=0.55), got y=0.597; 13: expected image-upper (y<=0.55), got y=0.596; 14: expected image-upper (y<=0.55), got y=0.586; 15: expected image-upper (y<=0.55), got y=0.581; 16: expected image-upper (y<=0.55), got y=0.564; 17: expected image-upper (y<=0.55), got y=0.553; 21: expected image-upper (y<=0.55), got y=0.601; 22: expected image-upper (y<=0.55), got y=0.606; 23: expected image-upper (y<=0.55), got y=0.592; 24: expected image-upper (y<=0.55), got y=0.586; 25: expected image-upper (y<=0.55), got y=0.568; 27: expected image-upper (y<=0.55), got y=0.560",26.15,single_axis_position,"single_axis_position(+26.0), missing_codes(+0.15)"
5,train_quadrant_enumeration_471,train_628.png,train_quadrant_enumeration,32,4,"22x2, 23x2, 24x2, 25x2",4,"32, 33, 34, 35",4,0,True,"22: expected image-upper (y<=0.55), got y=0.645; 23: expected image-upper (y<=0.55), got y=0.659; 24: expected image-upper (y<=0.55), got y=0.668; 25: expected image-upper (y<=0.55), got y=0.692",20.2,duplicate_codes,"duplicate_codes(+12.0), single_axis_position(+8.0), missing_codes(+0.20)"
6,train_quadrant_enumeration_582,train_258.png,train_quadrant_enumeration,24,2,"14x2, 15x2",10,"25, 26, 28, 34, 35, 36, 37, 38, 46, 47",3,2,False,"14: WRONG QUADRANT (both axes) - expected image-left (x<=0.55), got x=0.580; expected image-upper (y<=0.55), got y=0.661; 15: WRONG QUADRANT (both axes) - expected image-left (x<=0.55), got x=0.606; expected image-upper (y<=0.55), got y=0.645; 18: expected image-left (x<=0.55), got x=0.719",18.5,wrong_quadrant,"duplicate_codes(+6.0), wrong_quadrant(+10.0), single_axis_position(+2.0), missing_codes(+0.50)"
7,train_quadrant_enumeration_335,train_150.png,train_quadrant_enumeration,28,4,"44x2, 45x2, 46x2, 47x2",8,"14, 15, 16, 17, 18, 28, 38, 48",3,0,True,"45: expected image-lower (y>=0.45), got y=0.439; 46: expected image-lower (y>=0.45), got y=0.428; 47: expected image-lower (y>=0.45), got y=0.418",18.4,duplicate_codes,"duplicate_codes(+12.0), single_axis_position(+6.0), missing_codes(+0.40)"
8,train_quadrant_enumeration_disease_521,train_572.png,train_quadrant_enumeration_disease,5,1,46x3,29,"11, 12, 13, 14, 15, 16, 18, 21, 22, 23, 24, 25, 26, 27, 31, 32, 33, 34, 35, 36, 37, 38, 41, 42, 43, 44, 45, 47, 48",0,0,False,-,12.45,duplicate_codes,"duplicate_codes(+6.0), missing_codes(+1.45), sparse_annotation(+5.0)"
9,train_quadrant_enumeration_disease_303,train_145.png,train_quadrant_enumeration_disease,15,1,33x2,18,"11, 12, 18, 21, 22, 23, 28, 32, 34, 37, 38, 42, 43, 44, 45, 46, 47, 48",4,0,True,"14: expected image-upper (y<=0.55), got y=0.554; 16: expected image-upper (y<=0.55), got y=0.565; 17: expected image-upper (y<=0.55), got y=0.562; 27: expected image-upper (y<=0.55), got y=0.568",11.9,single_axis_position,"duplicate_codes(+3.0), single_axis_position(+8.0), missing_codes(+0.90)"
10,train_quadrant_enumeration_disease_37,train_440.png,train_quadrant_enumeration_disease,3,1,47x2,30,"11, 12, 13, 14, 15, 16, 17, 18, 21, 22, 23, 24, 25, 26, 28, 31, 32, 33, 34, 35, 36, 37, 38, 41, 42, 43, 44, 45, 46, 48",1,0,False,"47: expected image-left (x<=0.55), got x=0.703",11.5,sparse_annotation,"duplicate_codes(+3.0), single_axis_position(+2.0), missing_codes(+1.50), sparse_annotation(+5.0)"
11,train_quadrant_enumeration_disease_105,train_534.png,train_quadrant_enumeration_disease,6,1,46x2,27,"12, 13, 14, 16, 17, 18, 22, 23, 24, 25, 26, 27, 28, 31, 32, 33, 34, 35, 36, 37, 41, 42, 43, 44, 45, 47, 48",1,0,False,"15: expected image-upper (y<=0.55), got y=0.558",11.35,sparse_annotation,"duplicate_codes(+3.0), single_axis_position(+2.0), missing_codes(+1.35), sparse_annotation(+5.0)"
12,train_quadrant_enumeration_disease_352,train_622.png,train_quadrant_enumeration_disease,3,0,-,29,"11, 12, 13, 14, 15, 16, 17, 18, 21, 22, 23, 24, 25, 27, 31, 32, 33, 34, 35, 36, 37, 38, 41, 42, 43, 44, 45, 46, 47",2,0,False,"26: expected image-upper (y<=0.55), got y=0.600; 28: expected image-upper (y<=0.55), got y=0.561",10.45,sparse_annotation,"single_axis_position(+4.0), missing_codes(+1.45), sparse_annotation(+5.0)"
13,train_quadrant_enumeration_disease_472,train_132.png,train_quadrant_enumeration_disease,6,0,-,26,"11, 12, 13, 14, 15, 16, 17, 21, 22, 23, 24, 25, 26, 27, 31, 32, 33, 34, 35, 37, 41, 42, 44, 45, 46, 47",2,0,False,"48: expected image-lower (y>=0.45), got y=0.426; 38: expected image-lower (y>=0.45), got y=0.425",10.3,sparse_annotation,"single_axis_position(+4.0), missing_codes(+1.30), sparse_annotation(+5.0)"
14,train_quadrant_enumeration_442,train_89.png,train_quadrant_enumeration,31,0,-,1,38,5,0,True,"42: expected image-lower (y>=0.45), got y=0.444; 41: expected image-lower (y>=0.45), got y=0.428; 31: expected image-lower (y>=0.45), got y=0.423; 32: expected image-lower (y>=0.45), got y=0.441; 34: expected image-lower (y>=0.45), got y=0.447",10.05,single_axis_position,"single_axis_position(+10.0), missing_codes(+0.05)"
15,train_quadrant_enumeration_106,train_466.png,train_quadrant_enumeration,34,2,"16x2, 17x2",0,-,0,0,False,-,10.0,duplicate_codes,"duplicate_codes(+6.0), overcount(+4.0)"
16,train_quadrant_enumeration_disease_245,train_343.png,train_quadrant_enumeration_disease,15,3,"38x2, 46x2, 48x2",20,"11, 12, 13, 14, 17, 21, 22, 23, 24, 27, 31, 32, 33, 34, 36, 41, 42, 43, 44, 45",0,0,False,-,10.0,duplicate_codes,"duplicate_codes(+9.0), missing_codes(+1.00)"
17,train_quadrant_enumeration_disease_420,train_67.png,train_quadrant_enumeration_disease,16,3,"47x2, 46x2, 45x2",19,"11, 12, 13, 14, 15, 16, 17, 21, 22, 23, 24, 25, 31, 32, 33, 41, 42, 44, 48",0,0,False,-,9.95,duplicate_codes,"duplicate_codes(+9.0), missing_codes(+0.95)"
18,train_quadrant_enumeration_disease_187,train_496.png,train_quadrant_enumeration_disease,2,1,46x2,31,"11, 12, 13, 14, 15, 16, 17, 18, 21, 22, 23, 24, 25, 26, 27, 28, 31, 32, 33, 34, 35, 36, 37, 38, 41, 42, 43, 44, 45, 47, 48",0,0,False,-,9.55,sparse_annotation,"duplicate_codes(+3.0), missing_codes(+1.55), sparse_annotation(+5.0)"
19,train_quadrant_enumeration_disease_174,train_243.png,train_quadrant_enumeration_disease,3,1,25x2,30,"11, 12, 13, 14, 15, 16, 17, 21, 22, 23, 24, 26, 27, 28, 31, 32, 33, 34, 35, 36, 37, 38, 41, 42, 43, 44, 45, 46, 47, 48",0,0,False,-,9.5,sparse_annotation,"duplicate_codes(+3.0), missing_codes(+1.50), sparse_annotation(+5.0)"
20,train_quadrant_enumeration_disease_688,train_607.png,train_quadrant_enumeration_disease,3,1,46x2,30,"11, 12, 13, 14, 15, 16, 17, 18, 21, 22, 23, 24, 25, 26, 27, 28, 31, 32, 33, 34, 35, 37, 38, 41, 42, 43, 44, 45, 47, 48",0,0,False,-,9.5,sparse_annotation,"duplicate_codes(+3.0), missing_codes(+1.50), sparse_annotation(+5.0)"
21,train_quadrant_enumeration_disease_653,train_350.png,train_quadrant_enumeration_disease,3,1,47x2,30,"11, 12, 13, 14, 15, 16, 17, 18, 21, 22, 23, 24, 25, 26, 27, 28, 31, 32, 33, 34, 35, 36, 38, 41, 42, 43, 44, 45, 46, 48",0,0,False,-,9.5,sparse_annotation,"duplicate_codes(+3.0), missing_codes(+1.50), sparse_annotation(+5.0)"
22,train_quadrant_enumeration_disease_447,train_377.png,train_quadrant_enumeration_disease,3,1,43x2,30,"11, 12, 13, 15, 16, 17, 18, 21, 22, 23, 24, 25, 26, 27, 28, 31, 32, 33, 34, 35, 36, 37, 38, 41, 42, 44, 45, 46, 47, 48",0,0,False,-,9.5,sparse_annotation,"duplicate_codes(+3.0), missing_codes(+1.50), sparse_annotation(+5.0)"
23,validation_triple_24,val_18.png,validation_triple,3,1,46x2,30,"11, 12, 13, 14, 15, 16, 17, 18, 21, 22, 23, 24, 25, 26, 27, 31, 32, 33, 34, 35, 36, 37, 38, 41, 42, 43, 44, 45, 47, 48",0,0,False,-,9.5,sparse_annotation,"duplicate_codes(+3.0), missing_codes(+1.50), sparse_annotation(+5.0)"
24,train_quadrant_enumeration_disease_118,train_66.png,train_quadrant_enumeration_disease,3,1,36x2,30,"11, 12, 13, 14, 15, 16, 17, 18, 21, 22, 23, 24, 25, 26, 27, 28, 31, 32, 33, 34, 35, 37, 38, 41, 42, 43, 44, 45, 47, 48",0,0,False,-,9.5,sparse_annotation,"duplicate_codes(+3.0), missing_codes(+1.50), sparse_annotation(+5.0)"
25,train_quadrant_enumeration_disease_548,train_39.png,train_quadrant_enumeration_disease,4,1,48x2,29,"11, 12, 13, 14, 15, 16, 17, 18, 21, 22, 23, 24, 25, 26, 27, 28, 31, 32, 33, 34, 37, 38, 41, 42, 43, 44, 45, 46, 47",0,0,False,-,9.45,sparse_annotation,"duplicate_codes(+3.0), missing_codes(+1.45), sparse_annotation(+5.0)"
26,train_quadrant_enumeration_disease_543,train_433.png,train_quadrant_enumeration_disease,4,1,44x2,29,"11, 12, 13, 14, 15, 16, 17, 18, 21, 22, 23, 24, 25, 26, 27, 28, 31, 32, 33, 34, 35, 38, 41, 42, 43, 45, 46, 47, 48",0,0,False,-,9.45,sparse_annotation,"duplicate_codes(+3.0), missing_codes(+1.45), sparse_annotation(+5.0)"
27,train_quadrant_enumeration_disease_204,train_177.png,train_quadrant_enumeration_disease,4,1,37x2,29,"11, 12, 13, 14, 15, 17, 18, 21, 22, 23, 24, 25, 26, 27, 28, 31, 32, 33, 34, 35, 36, 38, 41, 42, 43, 44, 45, 46, 48",0,0,False,-,9.45,sparse_annotation,"duplicate_codes(+3.0), missing_codes(+1.45), sparse_annotation(+5.0)"
28,train_quadrant_enumeration_disease_643,train_97.png,train_quadrant_enumeration_disease,4,1,38x2,29,"11, 12, 13, 14, 15, 16, 17, 18, 21, 22, 23, 24, 25, 26, 27, 31, 32, 33, 34, 35, 37, 41, 42, 43, 44, 45, 46, 47, 48",0,0,False,-,9.45,sparse_annotation,"duplicate_codes(+3.0), missing_codes(+1.45), sparse_annotation(+5.0)"
29,train_quadrant_enumeration_disease_390,train_689.png,train_quadrant_enumeration_disease,4,1,37x2,29,"11, 12, 13, 14, 15, 16, 17, 18, 21, 22, 23, 24, 25, 26, 27, 28, 31, 32, 33, 34, 36, 41, 42, 43, 44, 45, 46, 47, 48",0,0,False,-,9.45,sparse_annotation,"duplicate_codes(+3.0), missing_codes(+1.45), sparse_annotation(+5.0)"
30,validation_triple_33,val_14.png,validation_triple,5,1,37x2,28,"11, 12, 13, 14, 15, 16, 17, 18, 21, 22, 23, 24, 26, 27, 28, 31, 32, 33, 34, 35, 41, 42, 43, 44, 45, 46, 47, 48",0,0,False,-,9.4,sparse_annotation,"duplicate_codes(+3.0), missing_codes(+1.40), sparse_annotation(+5.0)"
31,train_quadrant_enumeration_disease_610,train_397.png,train_quadrant_enumeration_disease,5,1,36x2,28,"11, 12, 13, 14, 15, 16, 18, 21, 22, 23, 24, 25, 26, 27, 28, 31, 32, 33, 34, 35, 38, 41, 42, 43, 44, 45, 46, 48",0,0,False,-,9.4,sparse_annotation,"duplicate_codes(+3.0), missing_codes(+1.40), sparse_annotation(+5.0)"
32,train_quadrant_enumeration_disease_155,train_485.png,train_quadrant_enumeration_disease,5,1,25x2,28,"11, 12, 13, 14, 15, 17, 18, 21, 22, 23, 26, 27, 28, 31, 32, 33, 34, 35, 36, 37, 38, 41, 42, 43, 44, 45, 47, 48",0,0,False,-,9.4,sparse_annotation,"duplicate_codes(+3.0), missing_codes(+1.40), sparse_annotation(+5.0)"
33,train_quadrant_enumeration_disease_394,train_94.png,train_quadrant_enumeration_disease,6,1,37x2,27,"11, 12, 13, 14, 15, 16, 18, 21, 22, 23, 24, 25, 26, 28, 31, 32, 33, 34, 35, 36, 38, 41, 42, 43, 45, 47, 48",0,0,False,-,9.35,sparse_annotation,"duplicate_codes(+3.0), missing_codes(+1.35), sparse_annotation(+5.0)"
34,train_quadrant_enumeration_disease_410,train_59.png,train_quadrant_enumeration_disease,6,1,36x2,27,"11, 12, 13, 14, 15, 16, 17, 21, 22, 23, 24, 25, 26, 27, 31, 32, 33, 34, 35, 37, 38, 41, 42, 43, 44, 45, 48",0,0,False,-,9.35,sparse_annotation,"duplicate_codes(+3.0), missing_codes(+1.35), sparse_annotation(+5.0)"
35,train_quadrant_enumeration_disease_532,train_640.png,train_quadrant_enumeration_disease,6,1,46x2,27,"11, 12, 13, 14, 15, 18, 21, 22, 23, 24, 25, 27, 28, 31, 32, 33, 34, 35, 36, 38, 41, 42, 43, 44, 45, 47, 48",0,0,False,-,9.35,sparse_annotation,"duplicate_codes(+3.0), missing_codes(+1.35), sparse_annotation(+5.0)"
36,train_quadrant_enumeration_disease_516,train_212.png,train_quadrant_enumeration_disease,6,1,46x2,27,"11, 12, 13, 14, 15, 16, 17, 21, 22, 23, 24, 25, 26, 27, 28, 31, 32, 33, 34, 35, 36, 41, 42, 43, 44, 45, 47",0,0,False,-,9.35,sparse_annotation,"duplicate_codes(+3.0), missing_codes(+1.35), sparse_annotation(+5.0)"
37,train_quadrant_enumeration_disease_645,train_197.png,train_quadrant_enumeration_disease,6,1,47x2,27,"11, 12, 13, 14, 15, 16, 17, 18, 21, 22, 23, 26, 27, 28, 31, 32, 33, 34, 35, 36, 37, 41, 42, 43, 44, 45, 48",0,0,False,-,9.35,sparse_annotation,"duplicate_codes(+3.0), missing_codes(+1.35), sparse_annotation(+5.0)"
38,train_quadrant_enumeration_disease_254,train_85.png,train_quadrant_enumeration_disease,6,1,47x2,27,"11, 12, 13, 14, 15, 18, 21, 22, 23, 24, 25, 27, 28, 31, 32, 33, 34, 35, 36, 38, 41, 42, 43, 44, 45, 46, 48",0,0,False,-,9.35,sparse_annotation,"duplicate_codes(+3.0), missing_codes(+1.35), sparse_annotation(+5.0)"
39,train_quadrant_enumeration_disease_552,train_644.png,train_quadrant_enumeration_disease,6,1,17x2,27,"11, 12, 14, 15, 16, 18, 21, 22, 23, 24, 25, 26, 27, 28, 31, 32, 33, 34, 36, 37, 38, 41, 42, 44, 45, 46, 47",0,0,False,-,9.35,sparse_annotation,"duplicate_codes(+3.0), missing_codes(+1.35), sparse_annotation(+5.0)"
40,train_quadrant_enumeration_disease_63,train_592.png,train_quadrant_enumeration_disease,6,1,36x2,27,"11, 12, 13, 14, 15, 16, 18, 21, 22, 23, 26, 27, 28, 31, 32, 33, 34, 35, 37, 38, 41, 42, 43, 44, 45, 46, 48",0,0,False,-,9.35,sparse_annotation,"duplicate_codes(+3.0), missing_codes(+1.35), sparse_annotation(+5.0)"
41,train_quadrant_enumeration_disease_117,train_452.png,train_quadrant_enumeration_disease,6,1,35x2,27,"11, 12, 13, 14, 15, 16, 17, 18, 21, 22, 23, 24, 25, 28, 31, 32, 33, 34, 36, 41, 42, 43, 44, 45, 46, 47, 48",0,0,False,-,9.35,sparse_annotation,"duplicate_codes(+3.0), missing_codes(+1.35), sparse_annotation(+5.0)"
42,train_quadrant_enumeration_disease_141,train_250.png,train_quadrant_enumeration_disease,6,1,47x2,27,"11, 12, 13, 14, 15, 16, 17, 18, 21, 22, 23, 24, 25, 26, 27, 28, 31, 32, 33, 34, 35, 36, 37, 41, 42, 43, 44",0,0,False,-,9.35,sparse_annotation,"duplicate_codes(+3.0), missing_codes(+1.35), sparse_annotation(+5.0)"
43,train_quadrant_enumeration_disease_13,train_581.png,train_quadrant_enumeration_disease,6,1,36x2,27,"11, 12, 13, 14, 15, 16, 17, 21, 22, 23, 24, 25, 26, 27, 28, 31, 32, 33, 34, 35, 38, 41, 42, 43, 44, 45, 48",0,0,False,-,9.35,sparse_annotation,"duplicate_codes(+3.0), missing_codes(+1.35), sparse_annotation(+5.0)"
44,train_quadrant_enumeration_disease_436,train_406.png,train_quadrant_enumeration_disease,7,1,35x2,26,"11, 12, 13, 14, 15, 16, 17, 18, 21, 22, 23, 24, 25, 26, 27, 28, 31, 32, 33, 34, 41, 42, 43, 44, 45, 46",0,0,False,-,9.3,sparse_annotation,"duplicate_codes(+3.0), missing_codes(+1.30), sparse_annotation(+5.0)"
45,train_quadrant_enumeration_disease_290,train_14.png,train_quadrant_enumeration_disease,7,1,46x2,26,"11, 12, 13, 14, 15, 16, 17, 21, 22, 23, 24, 25, 31, 32, 33, 34, 35, 36, 38, 41, 42, 43, 44, 45, 47, 48",0,0,False,-,9.3,sparse_annotation,"duplicate_codes(+3.0), missing_codes(+1.30), sparse_annotation(+5.0)"
46,train_quadrant_enumeration_disease_512,train_650.png,train_quadrant_enumeration_disease,1,0,-,31,"11, 12, 13, 14, 15, 16, 18, 21, 22, 23, 24, 25, 26, 27, 28, 31, 32, 33, 34, 35, 36, 37, 38, 41, 42, 43, 44, 45, 46, 47, 48",1,0,False,"17: expected image-left (x<=0.55), got x=0.767",8.55,sparse_annotation,"single_axis_position(+2.0), missing_codes(+1.55), sparse_annotation(+5.0)"
47,validation_triple_36,val_47.png,validation_triple,2,0,-,30,"11, 12, 13, 14, 15, 16, 17, 18, 21, 22, 23, 24, 25, 26, 27, 31, 32, 33, 34, 35, 36, 37, 38, 41, 42, 43, 44, 45, 47, 48",1,0,False,"28: expected image-upper (y<=0.55), got y=0.551",8.5,sparse_annotation,"single_axis_position(+2.0), missing_codes(+1.50), sparse_annotation(+5.0)"
48,validation_triple_15,val_24.png,validation_triple,2,0,-,30,"11, 12, 13, 14, 15, 18, 21, 22, 23, 24, 25, 26, 27, 28, 31, 32, 33, 34, 35, 36, 37, 38, 41, 42, 43, 44, 45, 46, 47, 48",1,0,False,"16: expected image-upper (y<=0.55), got y=0.556",8.5,sparse_annotation,"single_axis_position(+2.0), missing_codes(+1.50), sparse_annotation(+5.0)"
49,train_quadrant_enumeration_490,train_18.png,train_quadrant_enumeration,31,0,-,1,46,4,0,True,"21: expected image-upper (y<=0.55), got y=0.556; 11: expected image-upper (y<=0.55), got y=0.556; 12: expected image-upper (y<=0.55), got y=0.551; 22: expected image-upper (y<=0.55), got y=0.552",8.05,single_axis_position,"single_axis_position(+8.0), missing_codes(+0.05)"
50,train_quadrant_enumeration_disease_481,train_267.png,train_quadrant_enumeration_disease,9,1,46x3,25,"11, 13, 14, 15, 16, 17, 21, 22, 23, 24, 25, 27, 31, 32, 33, 34, 35, 36, 37, 41, 42, 43, 44, 45, 47",0,0,False,-,7.25,duplicate_codes,"duplicate_codes(+6.0), missing_codes(+1.25)"
51,train_quadrant_enumeration_disease_144,train_451.png,train_quadrant_enumeration_disease,9,2,"28x2, 36x2",25,"11, 12, 13, 14, 15, 16, 18, 21, 22, 23, 24, 25, 26, 31, 32, 33, 34, 35, 38, 41, 42, 43, 45, 46, 47",0,0,False,-,7.25,duplicate_codes,"duplicate_codes(+6.0), missing_codes(+1.25)"
52,train_quadrant_enumeration_disease_359,train_557.png,train_quadrant_enumeration_disease,9,2,"36x2, 45x2",25,"11, 12, 13, 14, 17, 21, 22, 23, 24, 25, 28, 31, 32, 33, 34, 35, 37, 38, 41, 42, 43, 44, 46, 47, 48",0,0,False,-,7.25,duplicate_codes,"duplicate_codes(+6.0), missing_codes(+1.25)"
53,train_quadrant_enumeration_disease_75,train_294.png,train_quadrant_enumeration_disease,10,2,"17x2, 26x2",24,"11, 12, 13, 14, 15, 21, 22, 23, 25, 27, 28, 31, 32, 33, 35, 38, 41, 42, 43, 44, 45, 46, 47, 48",0,0,False,-,7.2,duplicate_codes,"duplicate_codes(+6.0), missing_codes(+1.20)"
54,train_quadrant_enumeration_disease_536,train_481.png,train_quadrant_enumeration_disease,14,2,"48x2, 44x2",20,"11, 12, 18, 21, 22, 23, 24, 28, 31, 32, 33, 35, 37, 38, 41, 42, 43, 45, 46, 47",0,0,False,-,7.0,duplicate_codes,"duplicate_codes(+6.0), missing_codes(+1.00)"
55,train_quadrant_enumeration_disease_400,train_489.png,train_quadrant_enumeration_disease,1,0,-,31,"11, 12, 13, 14, 15, 16, 17, 18, 21, 22, 23, 24, 25, 26, 27, 31, 32, 33, 34, 35, 36, 37, 38, 41, 42, 43, 44, 45, 46, 47, 48",0,0,False,-,6.55,sparse_annotation,"missing_codes(+1.55), sparse_annotation(+5.0)"
56,train_quadrant_enumeration_disease_408,train_122.png,train_quadrant_enumeration_disease,1,0,-,31,"11, 12, 13, 14, 15, 17, 18, 21, 22, 23, 24, 25, 26, 27, 28, 31, 32, 33, 34, 35, 36, 37, 38, 41, 42, 43, 44, 45, 46, 47, 48",0,0,False,-,6.55,sparse_annotation,"missing_codes(+1.55), sparse_annotation(+5.0)"
57,train_quadrant_enumeration_disease_156,train_436.png,train_quadrant_enumeration_disease,1,0,-,31,"11, 12, 13, 14, 15, 16, 17, 18, 21, 22, 23, 24, 25, 26, 27, 28, 31, 32, 33, 34, 35, 36, 37, 38, 41, 42, 43, 44, 45, 46, 48",0,0,False,-,6.55,sparse_annotation,"missing_codes(+1.55), sparse_annotation(+5.0)"
58,train_quadrant_enumeration_disease_148,train_273.png,train_quadrant_enumeration_disease,23,2,"36x2, 45x2",11,"14, 17, 25, 31, 32, 33, 41, 42, 43, 44, 46",0,0,False,-,6.55,duplicate_codes,"duplicate_codes(+6.0), missing_codes(+0.55)"
59,train_quadrant_enumeration_disease_402,train_116.png,train_quadrant_enumeration_disease,1,0,-,31,"11, 12, 13, 14, 15, 16, 17, 18, 21, 22, 23, 24, 25, 26, 28, 31, 32, 33, 34, 35, 36, 37, 38, 41, 42, 43, 44, 45, 46, 47, 48",0,0,False,-,6.55,sparse_annotation,"missing_codes(+1.55), sparse_annotation(+5.0)"
60,train_quadrant_enumeration_disease_444,train_106.png,train_quadrant_enumeration_disease,1,0,-,31,"11, 12, 13, 14, 15, 16, 17, 18, 21, 22, 23, 24, 25, 26, 27, 28, 31, 32, 33, 34, 35, 37, 38, 41, 42, 43, 44, 45, 46, 47, 48",0,0,False,-,6.55,sparse_annotation,"missing_codes(+1.55), sparse_annotation(+5.0)"
61,train_quadrant_enumeration_disease_423,train_469.png,train_quadrant_enumeration_disease,1,0,-,31,"11, 12, 13, 14, 15, 16, 17, 18, 21, 22, 23, 24, 25, 26, 27, 28, 31, 32, 33, 34, 35, 37, 38, 41, 42, 43, 44, 45, 46, 47, 48",0,0,False,-,6.55,sparse_annotation,"missing_codes(+1.55), sparse_annotation(+5.0)"
62,train_quadrant_enumeration_disease_437,train_24.png,train_quadrant_enumeration_disease,1,0,-,31,"11, 12, 13, 14, 15, 16, 17, 18, 21, 22, 23, 24, 25, 27, 28, 31, 32, 33, 34, 35, 36, 37, 38, 41, 42, 43, 44, 45, 46, 47, 48",0,0,False,-,6.55,sparse_annotation,"missing_codes(+1.55), sparse_annotation(+5.0)"
63,train_quadrant_enumeration_disease_393,train_173.png,train_quadrant_enumeration_disease,1,0,-,31,"11, 12, 13, 14, 15, 16, 17, 18, 21, 22, 23, 24, 25, 26, 27, 28, 31, 32, 33, 34, 35, 36, 37, 41, 42, 43, 44, 45, 46, 47, 48",0,0,False,-,6.55,sparse_annotation,"missing_codes(+1.55), sparse_annotation(+5.0)"
64,train_quadrant_enumeration_disease_132,train_199.png,train_quadrant_enumeration_disease,1,0,-,31,"11, 12, 13, 14, 15, 16, 17, 18, 21, 22, 23, 24, 25, 26, 27, 28, 31, 32, 33, 34, 35, 36, 37, 41, 42, 43, 44, 45, 46, 47, 48",0,0,False,-,6.55,sparse_annotation,"missing_codes(+1.55), sparse_annotation(+5.0)"
65,train_quadrant_enumeration_disease_120,train_500.png,train_quadrant_enumeration_disease,1,0,-,31,"11, 12, 13, 14, 15, 16, 17, 18, 21, 22, 23, 24, 25, 26, 27, 28, 31, 32, 33, 34, 35, 36, 37, 41, 42, 43, 44, 45, 46, 47, 48",0,0,False,-,6.55,sparse_annotation,"missing_codes(+1.55), sparse_annotation(+5.0)"
66,train_quadrant_enumeration_disease_453,train_306.png,train_quadrant_enumeration_disease,1,0,-,31,"11, 12, 13, 14, 15, 16, 17, 18, 21, 22, 23, 24, 25, 26, 27, 28, 31, 32, 33, 34, 35, 37, 38, 41, 42, 43, 44, 45, 46, 47, 48",0,0,False,-,6.55,sparse_annotation,"missing_codes(+1.55), sparse_annotation(+5.0)"
67,train_quadrant_enumeration_disease_114,train_58.png,train_quadrant_enumeration_disease,1,0,-,31,"11, 12, 13, 14, 15, 16, 17, 18, 21, 22, 23, 24, 25, 26, 27, 28, 31, 32, 33, 34, 35, 36, 37, 38, 41, 42, 43, 44, 45, 47, 48",0,0,False,-,6.55,sparse_annotation,"missing_codes(+1.55), sparse_annotation(+5.0)"
68,train_quadrant_enumeration_disease_495,train_398.png,train_quadrant_enumeration_disease,1,0,-,31,"11, 12, 13, 14, 15, 16, 17, 18, 21, 22, 23, 24, 25, 26, 27, 31, 32, 33, 34, 35, 36, 37, 38, 41, 42, 43, 44, 45, 46, 47, 48",0,0,False,-,6.55,sparse_annotation,"missing_codes(+1.55), sparse_annotation(+5.0)"
69,train_quadrant_enumeration_disease_157,train_645.png,train_quadrant_enumeration_disease,1,0,-,31,"11, 12, 13, 14, 15, 16, 17, 18, 21, 22, 23, 24, 25, 26, 27, 28, 31, 32, 33, 34, 35, 36, 38, 41, 42, 43, 44, 45, 46, 47, 48",0,0,False,-,6.55,sparse_annotation,"missing_codes(+1.55), sparse_annotation(+5.0)"
70,train_quadrant_enumeration_disease_238,train_561.png,train_quadrant_enumeration_disease,1,0,-,31,"11, 12, 13, 14, 15, 16, 17, 18, 21, 22, 23, 24, 25, 26, 27, 28, 31, 32, 33, 34, 35, 36, 37, 38, 41, 42, 43, 44, 45, 46, 48",0,0,False,-,6.55,sparse_annotation,"missing_codes(+1.55), sparse_annotation(+5.0)"
71,train_quadrant_enumeration_disease_391,train_369.png,train_quadrant_enumeration_disease,1,0,-,31,"11, 12, 13, 14, 15, 16, 17, 18, 21, 22, 23, 24, 25, 26, 27, 28, 31, 32, 33, 34, 35, 36, 37, 38, 41, 42, 43, 44, 45, 47, 48",0,0,False,-,6.55,sparse_annotation,"missing_codes(+1.55), sparse_annotation(+5.0)"
72,train_quadrant_enumeration_disease_240,train_455.png,train_quadrant_enumeration_disease,1,0,-,31,"11, 12, 13, 14, 15, 16, 17, 18, 21, 22, 23, 24, 25, 26, 27, 28, 31, 32, 33, 34, 36, 37, 38, 41, 42, 43, 44, 45, 46, 47, 48",0,0,False,-,6.55,sparse_annotation,"missing_codes(+1.55), sparse_annotation(+5.0)"
73,train_quadrant_enumeration_disease_218,train_347.png,train_quadrant_enumeration_disease,1,0,-,31,"11, 12, 13, 14, 15, 16, 17, 18, 21, 22, 23, 24, 25, 26, 28, 31, 32, 33, 34, 35, 36, 37, 38, 41, 42, 43, 44, 45, 46, 47, 48",0,0,False,-,6.55,sparse_annotation,"missing_codes(+1.55), sparse_annotation(+5.0)"
74,train_quadrant_enumeration_disease_248,train_287.png,train_quadrant_enumeration_disease,1,0,-,31,"11, 12, 13, 14, 15, 16, 17, 18, 21, 22, 23, 24, 25, 26, 27, 28, 31, 32, 33, 34, 35, 36, 37, 38, 41, 42, 43, 45, 46, 47, 48",0,0,False,-,6.55,sparse_annotation,"missing_codes(+1.55), sparse_annotation(+5.0)"
75,train_quadrant_enumeration_disease_213,train_392.png,train_quadrant_enumeration_disease,1,0,-,31,"11, 12, 13, 14, 15, 16, 17, 18, 21, 22, 23, 24, 25, 26, 27, 28, 31, 32, 33, 34, 35, 37, 38, 41, 42, 43, 44, 45, 46, 47, 48",0,0,False,-,6.55,sparse_annotation,"missing_codes(+1.55), sparse_annotation(+5.0)"
76,train_quadrant_enumeration_disease_20,train_324.png,train_quadrant_enumeration_disease,1,0,-,31,"11, 12, 13, 14, 15, 16, 17, 18, 21, 22, 23, 24, 25, 26, 27, 28, 31, 32, 33, 34, 35, 36, 37, 38, 41, 42, 43, 45, 46, 47, 48",0,0,False,-,6.55,sparse_annotation,"missing_codes(+1.55), sparse_annotation(+5.0)"
77,train_quadrant_enumeration_disease_199,train_570.png,train_quadrant_enumeration_disease,1,0,-,31,"11, 12, 13, 14, 15, 16, 17, 18, 21, 22, 23, 24, 25, 26, 27, 28, 31, 32, 33, 34, 35, 36, 37, 38, 41, 42, 43, 44, 45, 46, 47",0,0,False,-,6.55,sparse_annotation,"missing_codes(+1.55), sparse_annotation(+5.0)"
78,train_quadrant_enumeration_disease_186,train_330.png,train_quadrant_enumeration_disease,1,0,-,31,"11, 12, 13, 14, 15, 16, 17, 18, 21, 22, 23, 24, 25, 26, 27, 28, 31, 32, 33, 34, 35, 36, 37, 41, 42, 43, 44, 45, 46, 47, 48",0,0,False,-,6.55,sparse_annotation,"missing_codes(+1.55), sparse_annotation(+5.0)"
79,train_quadrant_enumeration_disease_510,train_296.png,train_quadrant_enumeration_disease,1,0,-,31,"11, 12, 13, 14, 15, 16, 17, 18, 21, 22, 23, 24, 25, 26, 27, 28, 31, 32, 33, 34, 35, 36, 38, 41, 42, 43, 44, 45, 46, 47, 48",0,0,False,-,6.55,sparse_annotation,"missing_codes(+1.55), sparse_annotation(+5.0)"
80,train_quadrant_enumeration_disease_264,train_228.png,train_quadrant_enumeration_disease,1,0,-,31,"11, 12, 13, 14, 15, 16, 17, 18, 21, 22, 23, 24, 25, 26, 27, 28, 31, 32, 33, 34, 35, 37, 38, 41, 42, 43, 44, 45, 46, 47, 48",0,0,False,-,6.55,sparse_annotation,"missing_codes(+1.55), sparse_annotation(+5.0)"
81,train_quadrant_enumeration_disease_269,train_160.png,train_quadrant_enumeration_disease,1,0,-,31,"11, 12, 13, 14, 15, 16, 17, 18, 21, 22, 23, 24, 25, 27, 28, 31, 32, 33, 34, 35, 36, 37, 38, 41, 42, 43, 44, 45, 46, 47, 48",0,0,False,-,6.55,sparse_annotation,"missing_codes(+1.55), sparse_annotation(+5.0)"
82,train_quadrant_enumeration_disease_27,train_453.png,train_quadrant_enumeration_disease,1,0,-,31,"11, 12, 13, 14, 15, 16, 17, 18, 21, 22, 23, 24, 25, 26, 27, 28, 31, 32, 33, 34, 35, 36, 37, 41, 42, 43, 44, 45, 46, 47, 48",0,0,False,-,6.55,sparse_annotation,"missing_codes(+1.55), sparse_annotation(+5.0)"
83,train_quadrant_enumeration_disease_29,train_229.png,train_quadrant_enumeration_disease,1,0,-,31,"11, 12, 13, 14, 15, 16, 17, 18, 21, 22, 23, 24, 25, 26, 27, 31, 32, 33, 34, 35, 36, 37, 38, 41, 42, 43, 44, 45, 46, 47, 48",0,0,False,-,6.55,sparse_annotation,"missing_codes(+1.55), sparse_annotation(+5.0)"
84,train_quadrant_enumeration_disease_185,train_615.png,train_quadrant_enumeration_disease,1,0,-,31,"11, 12, 13, 14, 15, 16, 17, 18, 21, 22, 23, 24, 25, 26, 27, 28, 31, 32, 33, 34, 35, 37, 38, 41, 42, 43, 44, 45, 46, 47, 48",0,0,False,-,6.55,sparse_annotation,"missing_codes(+1.55), sparse_annotation(+5.0)"
85,train_quadrant_enumeration_disease_307,train_312.png,train_quadrant_enumeration_disease,1,0,-,31,"11, 12, 13, 14, 15, 16, 17, 18, 21, 22, 23, 24, 25, 26, 27, 28, 31, 32, 33, 34, 35, 36, 37, 38, 41, 42, 43, 44, 45, 47, 48",0,0,False,-,6.55,sparse_annotation,"missing_codes(+1.55), sparse_annotation(+5.0)"
86,train_quadrant_enumeration_disease_179,train_407.png,train_quadrant_enumeration_disease,1,0,-,31,"11, 12, 13, 14, 15, 16, 17, 18, 21, 22, 23, 24, 25, 26, 27, 28, 31, 32, 33, 34, 35, 36, 38, 41, 42, 43, 44, 45, 46, 47, 48",0,0,False,-,6.55,sparse_annotation,"missing_codes(+1.55), sparse_annotation(+5.0)"
87,train_quadrant_enumeration_disease_316,train_299.png,train_quadrant_enumeration_disease,1,0,-,31,"11, 12, 13, 14, 15, 16, 17, 18, 21, 22, 23, 24, 25, 27, 28, 31, 32, 33, 34, 35, 36, 37, 38, 41, 42, 43, 44, 45, 46, 47, 48",0,0,False,-,6.55,sparse_annotation,"missing_codes(+1.55), sparse_annotation(+5.0)"
88,train_quadrant_enumeration_disease_317,train_115.png,train_quadrant_enumeration_disease,1,0,-,31,"11, 12, 13, 14, 15, 16, 17, 18, 21, 22, 23, 24, 25, 26, 27, 31, 32, 33, 34, 35, 36, 37, 38, 41, 42, 43, 44, 45, 46, 47, 48",0,0,False,-,6.55,sparse_annotation,"missing_codes(+1.55), sparse_annotation(+5.0)"
89,train_quadrant_enumeration_disease_336,train_662.png,train_quadrant_enumeration_disease,1,0,-,31,"11, 12, 13, 14, 15, 16, 17, 18, 21, 22, 23, 24, 25, 26, 27, 28, 31, 32, 33, 34, 35, 36, 37, 38, 41, 42, 43, 44, 45, 46, 47",0,0,False,-,6.55,sparse_annotation,"missing_codes(+1.55), sparse_annotation(+5.0)"
90,train_quadrant_enumeration_disease_341,train_363.png,train_quadrant_enumeration_disease,1,0,-,31,"11, 12, 13, 14, 15, 16, 17, 18, 21, 22, 23, 24, 25, 26, 27, 28, 31, 32, 33, 34, 35, 36, 37, 38, 41, 42, 43, 44, 46, 47, 48",0,0,False,-,6.55,sparse_annotation,"missing_codes(+1.55), sparse_annotation(+5.0)"
91,train_quadrant_enumeration_disease_347,train_408.png,train_quadrant_enumeration_disease,1,0,-,31,"11, 12, 13, 14, 15, 16, 18, 21, 22, 23, 24, 25, 26, 27, 28, 31, 32, 33, 34, 35, 36, 37, 38, 41, 42, 43, 44, 45, 46, 47, 48",0,0,False,-,6.55,sparse_annotation,"missing_codes(+1.55), sparse_annotation(+5.0)"
92,train_quadrant_enumeration_disease_350,train_699.png,train_quadrant_enumeration_disease,1,0,-,31,"11, 12, 13, 14, 15, 16, 17, 18, 21, 22, 23, 24, 25, 26, 27, 28, 31, 32, 33, 34, 36, 37, 38, 41, 42, 43, 44, 45, 46, 47, 48",0,0,False,-,6.55,sparse_annotation,"missing_codes(+1.55), sparse_annotation(+5.0)"
93,train_quadrant_enumeration_disease_351,train_65.png,train_quadrant_enumeration_disease,1,0,-,31,"11, 12, 13, 14, 15, 16, 17, 18, 21, 22, 23, 24, 25, 26, 28, 31, 32, 33, 34, 35, 36, 37, 38, 41, 42, 43, 44, 45, 46, 47, 48",0,0,False,-,6.55,sparse_annotation,"missing_codes(+1.55), sparse_annotation(+5.0)"
94,train_quadrant_enumeration_disease_172,train_331.png,train_quadrant_enumeration_disease,1,0,-,31,"11, 12, 13, 14, 15, 16, 17, 18, 21, 22, 23, 24, 25, 26, 27, 28, 31, 32, 33, 34, 35, 36, 37, 38, 41, 42, 43, 44, 45, 46, 47",0,0,False,-,6.55,sparse_annotation,"missing_codes(+1.55), sparse_annotation(+5.0)"
95,train_quadrant_enumeration_disease_354,train_297.png,train_quadrant_enumeration_disease,1,0,-,31,"11, 12, 13, 14, 15, 16, 17, 18, 21, 22, 23, 24, 25, 26, 27, 28, 31, 32, 33, 34, 35, 36, 37, 38, 41, 42, 43, 44, 45, 46, 47",0,0,False,-,6.55,sparse_annotation,"missing_codes(+1.55), sparse_annotation(+5.0)"
96,train_quadrant_enumeration_disease_168,train_274.png,train_quadrant_enumeration_disease,1,0,-,31,"11, 12, 13, 14, 15, 16, 17, 18, 21, 22, 23, 24, 25, 26, 27, 28, 31, 32, 33, 34, 35, 36, 37, 38, 41, 42, 43, 44, 45, 46, 48",0,0,False,-,6.55,sparse_annotation,"missing_codes(+1.55), sparse_annotation(+5.0)"
97,validation_triple_9,val_20.png,validation_triple,1,0,-,31,"11, 12, 13, 14, 15, 16, 17, 18, 21, 22, 23, 24, 25, 26, 27, 28, 31, 32, 33, 34, 35, 36, 37, 41, 42, 43, 44, 45, 46, 47, 48",0,0,False,-,6.55,sparse_annotation,"missing_codes(+1.55), sparse_annotation(+5.0)"
98,train_quadrant_enumeration_disease_449,train_142.png,train_quadrant_enumeration_disease,1,0,-,31,"11, 12, 13, 14, 15, 16, 17, 18, 21, 22, 23, 24, 25, 26, 27, 28, 31, 32, 33, 34, 35, 36, 37, 38, 41, 42, 43, 44, 45, 46, 48",0,0,False,-,6.55,sparse_annotation,"missing_codes(+1.55), sparse_annotation(+5.0)"
99,train_quadrant_enumeration_disease_558,train_516.png,train_quadrant_enumeration_disease,1,0,-,31,"11, 12, 13, 14, 15, 16, 17, 18, 21, 22, 23, 24, 25, 26, 28, 31, 32, 33, 34, 35, 36, 37, 38, 41, 42, 43, 44, 45, 46, 47, 48",0,0,False,-,6.55,sparse_annotation,"missing_codes(+1.55), sparse_annotation(+5.0)"
100,validation_triple_10,val_3.png,validation_triple,1,0,-,31,"11, 12, 13, 14, 15, 16, 17, 18, 21, 22, 23, 24, 25, 26, 27, 28, 31, 32, 33, 34, 35, 37, 38, 41, 42, 43, 44, 45, 46, 47, 48",0,0,False,-,6.55,sparse_annotation,"missing_codes(+1.55), sparse_annotation(+5.0)"
