conf,iou,detector,top1,top1_lo,top1_hi,missed_pct,margin,margin_lo,margin_hi
0.5,0.5,yolov8x,67.39430781983974,65.7186362524079,69.04033660842352,28.858800773694394,0.4973749654600718,-1.3957276559267133,2.3274578296195054
0.5,0.5,rtdetr_l,81.59712627797734,80.33811255937603,82.78433557049345,10.682508980381321,14.700193423597678,13.257712328730108,16.170587358588886
0.5,0.5,fasterrcnn,46.476927327991156,44.993834110168926,47.976675002559915,24.31058303398729,-20.420005526388504,-22.041010739735206,-18.833123260913684
0.25,0.5,yolov8x,73.26333241226858,71.62592744258248,74.81641116253041,21.73528599060514,6.366399557888919,4.573669751318618,8.11064500626951
0.25,0.5,rtdetr_l,82.64161370544349,81.44512769944264,83.78678258503831,9.184857695495992,15.74468085106383,14.295930125638497,17.193010970692942
0.25,0.5,fasterrcnn,48.99696048632219,47.5001176893405,50.491427505820255,15.700469743022936,-17.899972368057476,-19.5067767160129,-16.301301962389296
0.5,0.3,yolov8x,73.50649350649351,71.93220606319288,75.09649494987202,22.304504006631667,6.609560652113844,4.808667746023091,8.323287704160345
0.5,0.3,rtdetr_l,86.60956065211384,85.54327675883515,87.68837995927977,4.376899696048632,19.712627797734182,18.385217060459482,21.064924229277807
0.5,0.3,fasterrcnn,50.511190936722855,49.02642168690482,52.047773195075294,16.07073777286543,-16.385741917656812,-18.032246532977016,-14.779431977593859
0.25,0.3,yolov8x,81.17159436308373,79.72180039466485,82.54834417145487,12.948328267477205,14.274661508704062,12.669652558874798,15.902977410278826
0.25,0.3,rtdetr_l,88.1624758220503,87.15828658057363,89.11743338448943,1.8568665377176015,21.265542967670626,19.959533146819066,22.61838502517331
0.25,0.3,fasterrcnn,53.19701575020724,51.67728485210855,54.70791857894914,6.4548217739707106,-13.699917104172423,-15.327224475925858,-12.079834793958169
