image_id,category,n_teeth,fold,inner_val_fold0,inner_val_fold1,inner_val_fold2,inner_val_fold3,inner_val_fold4
cate1-00002,cate1,32,4,False,False,False,False,False
cate1-00005,cate1,32,4,False,False,True,True,False
cate1-00008,cate1,32,2,False,True,False,False,False
cate1-00011,cate1,32,1,False,False,False,False,False
cate1-00014,cate1,32,3,True,False,False,False,False
cate1-00017,cate1,32,0,False,False,False,False,False
cate1-00020,cate1,32,4,False,False,True,False,False
cate1-00023,cate1,32,4,True,True,False,False,False
cate1-00026,cate1,32,3,False,False,False,False,False
cate1-00029,cate1,32,3,False,False,False,False,True
cate1-00032,cate1,32,0,False,False,False,False,False
cate1-00035,cate1,32,1,False,False,False,False,False
cate1-00038,cate1,32,1,False,False,False,False,False
cate1-00041,cate1,32,3,False,False,False,False,False
cate1-00044,cate1,32,2,False,False,False,False,True
cate1-00047,cate1,32,0,False,False,True,False,False
cate1-00050,cate1,32,0,False,False,False,False,False
cate1-00053,cate1,32,1,False,False,False,True,False
cate1-00056,cate1,32,2,False,False,False,False,True
cate1-00059,cate1,32,2,True,False,False,False,False
cate1-00062,cate1,32,2,False,True,False,False,False
cate1-00065,cate1,32,4,False,False,False,True,False
cate1-00068,cate1,32,3,False,False,False,False,False
cate1-00071,cate1,32,0,False,False,False,False,False
cate10-00005,cate10,31,2,False,False,False,False,False
cate10-00006,cate10,29,2,True,True,False,True,False
cate10-00012,cate10,30,2,False,False,False,False,False
cate10-00013,cate10,31,1,False,False,False,False,True
cate10-00018,cate10,28,3,False,False,False,False,False
cate10-00020,cate10,30,2,False,True,False,True,False
cate10-00024,cate10,17,3,False,False,False,False,False
cate10-00027,cate10,30,0,False,False,False,False,False
cate10-00030,cate10,10,4,False,False,False,False,False
cate10-00034,cate10,20,3,False,False,False,False,False
cate10-00036,cate10,29,1,False,False,True,False,False
cate10-00041,cate10,31,2,False,False,False,False,False
cate10-00042,cate10,31,0,False,True,False,False,False
cate10-00048,cate10,6,0,False,False,False,False,False
cate10-00049,cate10,22,4,False,False,False,False,False
cate10-00054,cate10,16,1,False,False,False,False,True
cate10-00056,cate10,6,1,True,False,False,False,False
cate10-00060,cate10,28,4,False,False,False,False,False
cate10-00063,cate10,26,4,False,False,False,True,False
cate10-00066,cate10,7,4,False,False,False,False,False
cate10-00070,cate10,27,4,False,False,False,False,False
cate10-00072,cate10,30,0,False,False,False,False,False
cate10-00077,cate10,28,1,True,False,False,False,False
cate10-00078,cate10,2,0,False,False,False,False,True
cate10-00084,cate10,30,3,False,False,False,False,False
cate10-00085,cate10,8,0,False,False,True,False,False
cate10-00090,cate10,28,3,False,False,False,False,False
cate10-00092,cate10,30,0,False,False,True,False,False
cate10-00096,cate10,31,3,False,False,False,False,False
cate10-00099,cate10,3,2,False,False,False,False,False
cate10-00102,cate10,18,1,False,False,False,False,False
cate10-00106,cate10,31,1,False,False,True,False,False
cate10-00108,cate10,30,4,False,False,False,True,False
cate10-00113,cate10,5,2,True,True,False,False,True
cate10-00114,cate10,28,3,False,False,False,False,False
cate2-00001,cate2,32,0,False,False,False,False,False
cate2-00002,cate2,32,4,False,False,False,False,False
cate2-00003,cate2,32,1,False,False,False,False,False
cate2-00004,cate2,31,0,False,False,False,False,False
cate2-00005,cate2,32,2,False,False,False,True,False
cate2-00006,cate2,32,0,False,False,False,False,False
cate2-00007,cate2,32,3,False,False,False,False,True
cate2-00008,cate2,32,2,False,False,False,False,True
cate2-00009,cate2,32,4,False,True,False,False,False
cate2-00010,cate2,32,2,False,False,False,False,True
cate2-00011,cate2,32,2,False,False,False,False,False
cate2-00012,cate2,32,3,False,False,False,False,False
cate2-00013,cate2,32,2,False,False,False,True,True
cate2-00014,cate2,32,1,False,False,True,False,False
cate2-00015,cate2,32,2,False,False,False,True,False
cate2-00016,cate2,32,0,False,False,False,False,False
cate2-00017,cate2,32,3,False,False,False,False,False
cate2-00018,cate2,31,4,True,False,True,False,False
cate2-00019,cate2,32,0,False,True,False,True,False
cate2-00020,cate2,32,1,True,False,True,False,False
cate2-00021,cate2,32,4,False,False,False,False,False
cate2-00022,cate2,32,4,True,False,False,False,False
cate2-00023,cate2,32,0,False,True,False,False,False
cate2-00024,cate2,32,3,False,False,False,False,False
cate2-00025,cate2,32,1,False,False,False,False,False
cate2-00026,cate2,32,1,True,False,True,False,False
cate2-00027,cate2,32,3,False,False,False,False,False
cate2-00028,cate2,32,3,True,False,False,False,False
cate2-00029,cate2,32,1,False,False,True,False,False
cate2-00030,cate2,32,3,True,False,False,False,False
cate2-00031,cate2,32,4,False,True,False,False,False
cate2-00032,cate2,32,0,False,False,False,False,True
cate2-00033,cate2,32,0,False,True,False,False,True
cate2-00034,cate2,32,2,False,False,False,False,False
cate2-00035,cate2,32,1,False,False,False,False,False
cate2-00036,cate2,32,1,False,False,False,False,False
cate2-00037,cate2,32,2,False,False,False,False,False
cate2-00038,cate2,32,4,False,False,False,False,False
cate2-00039,cate2,32,1,False,False,True,False,False
cate2-00040,cate2,32,4,False,False,False,False,False
cate2-00101,cate2,32,0,False,False,False,False,True
cate2-00102,cate2,32,3,True,False,False,False,False
cate2-00103,cate2,32,0,False,False,False,False,False
cate2-00104,cate2,32,2,False,True,False,False,False
cate2-00105,cate2,32,1,False,False,False,False,False
cate2-00106,cate2,32,1,False,False,False,False,False
cate2-00107,cate2,32,4,False,False,True,True,False
cate2-00108,cate2,32,3,False,True,False,False,False
cate2-00109,cate2,32,0,False,False,False,True,False
cate2-00110,cate2,32,0,False,False,True,False,True
cate2-00111,cate2,32,4,True,False,False,True,False
cate2-00112,cate2,32,3,False,False,False,False,False
cate2-00113,cate2,32,1,False,False,False,False,False
cate2-00114,cate2,32,2,False,True,False,True,False
cate2-00115,cate2,32,3,False,True,False,False,False
cate2-00116,cate2,32,2,False,False,False,False,False
cate2-00117,cate2,32,2,False,False,False,False,False
cate2-00118,cate2,32,4,False,False,False,False,False
cate2-00119,cate2,32,3,False,False,False,False,False
cate2-00120,cate2,32,4,True,False,True,False,False
cate2-00122,cate2,32,0,False,False,False,False,False
cate2-00123,cate2,32,0,False,False,False,False,False
cate2-00124,cate2,32,2,False,False,False,False,False
cate2-00126,cate2,32,2,False,False,False,False,True
cate2-00127,cate2,32,2,False,False,False,False,False
cate2-00128,cate2,32,4,False,False,False,False,False
cate2-00129,cate2,32,1,False,False,False,True,False
cate2-00130,cate2,32,1,False,False,False,False,False
cate2-00133,cate2,32,3,False,False,False,False,False
cate2-00134,cate2,32,3,False,False,False,False,False
cate2-00135,cate2,32,4,False,False,False,False,False
cate2-00136,cate2,32,1,False,False,False,False,False
cate3-00003,cate3,32,0,False,False,False,False,True
cate3-00006,cate3,32,1,False,False,False,False,True
cate3-00007,cate3,32,0,False,False,False,False,False
cate3-00008,cate3,32,2,False,True,False,True,False
cate3-00009,cate3,32,2,False,False,False,False,False
cate3-00013,cate3,32,3,True,False,False,False,False
cate3-00014,cate3,32,4,True,False,False,False,False
cate3-00016,cate3,32,1,False,False,False,False,False
cate3-00018,cate3,32,3,False,False,True,False,False
cate3-00019,cate3,32,4,False,False,False,False,False
cate3-00020,cate3,32,1,False,False,False,False,False
cate3-00021,cate3,32,3,False,True,True,False,False
cate3-00023,cate3,32,4,False,False,False,True,False
cate3-00026,cate3,32,2,False,False,False,False,False
cate3-00027,cate3,32,0,False,False,False,False,False
cate4-00069,cate4,32,0,False,False,False,True,False
cate4-00070,cate4,32,3,False,True,False,False,False
cate4-00072,cate4,32,3,False,False,False,False,True
cate4-00073,cate4,32,4,False,False,False,False,False
cate4-00075,cate4,32,3,False,False,False,False,False
cate4-00077,cate4,32,1,False,False,False,False,False
cate4-00079,cate4,32,1,False,False,False,False,False
cate4-00082,cate4,32,4,False,False,False,False,False
cate4-00085,cate4,32,2,False,False,False,False,False
cate4-00086,cate4,32,2,False,False,False,False,False
cate4-00087,cate4,32,0,False,False,False,False,True
cate4-00088,cate4,32,3,False,False,False,False,True
cate4-00089,cate4,32,0,False,False,False,False,False
cate4-00091,cate4,32,2,False,False,False,False,False
cate4-00094,cate4,32,0,False,False,False,True,False
cate4-00095,cate4,32,1,True,False,False,False,False
cate4-00099,cate4,32,0,False,True,False,False,False
cate4-00100,cate4,32,3,False,False,True,False,False
cate4-00101,cate4,32,4,False,False,False,False,False
cate4-00102,cate4,32,3,False,True,False,False,False
cate4-00103,cate4,32,2,False,False,False,False,False
cate4-00104,cate4,32,1,True,False,True,False,False
cate4-00105,cate4,32,2,True,False,False,False,False
cate4-00106,cate4,32,4,False,False,False,False,False
cate4-00107,cate4,32,3,False,False,False,False,False
cate4-00108,cate4,32,2,False,False,False,False,False
cate4-00111,cate4,32,0,False,False,True,True,False
cate4-00112,cate4,32,2,False,False,False,False,False
cate4-00113,cate4,31,1,True,False,False,False,True
cate4-00114,cate4,32,4,False,False,False,False,False
cate4-00116,cate4,32,1,False,False,False,True,False
cate4-00131,cate4,32,4,False,True,True,False,False
cate5-00001,cate5,4,0,False,False,True,False,False
cate5-00006,cate5,8,4,False,False,False,False,False
cate5-00007,cate5,2,4,False,True,False,True,False
cate5-00012,cate5,20,2,False,False,False,True,False
cate5-00018,cate5,23,1,False,False,False,False,False
cate5-00019,cate5,1,1,False,False,False,False,False
cate5-00024,cate5,25,0,False,False,False,False,True
cate5-00025,cate5,6,0,False,False,False,False,False
cate5-00030,cate5,29,3,False,False,False,False,False
cate5-00031,cate5,14,2,False,False,False,False,True
cate5-00036,cate5,20,3,False,False,False,False,False
cate5-00037,cate5,26,1,False,False,True,False,False
cate5-00042,cate5,24,1,True,False,False,False,False
cate5-00043,cate5,15,1,False,False,False,False,False
cate5-00048,cate5,24,1,False,False,False,False,False
cate5-00049,cate5,21,3,False,False,False,False,False
cate5-00054,cate5,10,1,False,False,True,False,False
cate5-00055,cate5,1,3,False,False,False,False,False
cate5-00060,cate5,13,0,False,False,False,True,False
cate5-00061,cate5,18,4,False,False,False,False,False
cate5-00066,cate5,17,3,True,False,False,False,True
cate5-00067,cate5,22,0,False,False,False,False,False
cate5-00072,cate5,19,0,False,False,False,False,False
cate5-00073,cate5,19,4,False,False,False,False,False
cate5-00078,cate5,12,4,False,False,False,False,False
cate5-00079,cate5,21,3,False,True,False,False,True
cate5-00084,cate5,17,0,False,True,True,False,False
cate5-00085,cate5,19,2,False,False,False,True,False
cate5-00090,cate5,17,3,True,False,False,False,False
cate5-00091,cate5,1,2,False,False,False,False,False
cate5-00096,cate5,26,1,False,False,False,False,False
cate5-00097,cate5,12,2,False,False,False,False,False
cate5-00102,cate5,12,4,False,False,False,False,False
cate5-00103,cate5,23,2,False,True,False,False,False
cate5-00108,cate5,10,2,False,False,False,False,False
cate5-00109,cate5,7,0,False,False,False,False,False
cate5-00115,cate5,14,4,True,False,False,False,False
cate6-00003,cate6,32,2,False,False,False,True,False
cate6-00009,cate6,28,3,False,False,True,False,False
cate6-00014,cate6,30,2,False,False,False,False,True
cate6-00021,cate6,32,0,False,False,True,False,False
cate6-00022,cate6,30,2,False,False,False,False,False
cate6-00027,cate6,32,0,False,False,False,False,False
cate6-00036,cate6,32,4,True,False,False,False,False
cate6-00039,cate6,32,2,False,False,False,False,False
cate6-00051,cate6,32,0,False,False,False,False,True
cate6-00063,cate6,32,3,False,True,True,False,False
cate6-00065,cate6,32,1,False,False,False,True,False
cate6-00069,cate6,32,1,False,False,False,False,False
cate6-00075,cate6,32,1,False,False,False,False,False
cate6-00086,cate6,32,1,False,False,True,False,False
cate6-00087,cate6,32,4,True,True,False,False,False
cate6-00093,cate6,30,1,False,False,False,True,False
cate6-00099,cate6,32,2,False,False,False,False,False
cate6-00101,cate6,32,3,False,False,False,False,False
cate6-00105,cate6,32,3,False,True,False,False,False
cate6-00108,cate6,32,4,True,False,False,False,False
cate6-00115,cate6,32,1,False,False,False,False,False
cate6-00122,cate6,31,4,True,False,False,True,False
cate6-00123,cate6,32,0,False,False,False,False,False
cate6-00141,cate6,32,4,False,False,False,False,False
cate6-00144,cate6,32,0,False,False,False,False,False
cate6-00147,cate6,32,0,False,False,False,False,True
cate6-00151,cate6,32,3,False,True,False,False,False
cate6-00153,cate6,32,3,False,False,False,False,True
cate6-00158,cate6,32,4,False,False,False,False,False
cate6-00159,cate6,32,2,False,False,False,False,False
cate7-00002,cate7,29,1,True,False,False,True,False
cate7-00004,cate7,24,0,False,False,False,False,False
cate7-00008,cate7,28,0,False,False,False,False,False
cate7-00011,cate7,23,3,False,False,False,False,False
cate7-00014,cate7,30,4,False,False,False,False,False
cate7-00018,cate7,31,4,False,False,False,True,False
cate7-00020,cate7,28,1,False,False,False,False,False
cate7-00025,cate7,25,3,False,False,False,False,False
cate7-00026,cate7,24,2,True,False,False,False,False
cate7-00032,cate7,30,4,False,False,False,False,False
cate7-00033,cate7,28,0,False,False,False,False,False
cate7-00038,cate7,29,2,False,False,False,False,False
cate7-00044,cate7,28,1,True,False,False,True,False
cate7-00047,cate7,22,4,False,True,False,False,False
cate7-00050,cate7,20,0,False,True,False,False,False
cate7-00054,cate7,24,0,False,True,False,False,False
cate7-00056,cate7,26,0,False,False,True,False,False
cate7-00061,cate7,31,1,True,False,False,False,False
cate7-00062,cate7,28,1,False,False,True,False,False
cate7-00068,cate7,28,4,False,False,False,False,False
cate7-00069,cate7,25,4,False,False,False,False,False
cate7-00074,cate7,27,3,False,False,True,False,False
cate7-00076,cate7,31,3,False,False,False,False,False
cate7-00080,cate7,28,2,False,False,False,False,True
cate7-00083,cate7,28,2,False,False,False,False,True
cate7-00086,cate7,26,1,False,False,False,True,False
cate7-00090,cate7,24,1,False,False,False,False,True
cate7-00092,cate7,31,4,False,False,False,False,False
cate7-00097,cate7,27,3,False,False,False,False,False
cate7-00098,cate7,30,0,False,False,True,False,False
cate7-00105,cate7,28,3,False,True,False,False,True
cate7-00110,cate7,32,2,False,False,False,False,False
cate7-00112,cate7,29,2,False,False,False,False,False
cate8-00001,cate8,30,1,False,False,False,False,False
cate8-00005,cate8,29,4,False,True,False,False,False
cate8-00008,cate8,27,1,True,False,False,False,False
cate8-00011,cate8,30,0,False,False,False,False,False
cate8-00015,cate8,28,1,False,False,False,False,False
cate8-00017,cate8,29,3,True,False,False,False,False
cate8-00022,cate8,31,0,False,False,False,False,False
cate8-00023,cate8,30,4,False,False,True,False,False
cate8-00029,cate8,28,3,False,False,False,False,False
cate8-00030,cate8,29,1,False,False,False,False,False
cate8-00035,cate8,11,1,False,False,False,True,False
cate8-00037,cate8,30,4,True,False,False,False,False
cate8-00041,cate8,31,0,False,False,True,False,True
cate8-00044,cate8,29,2,False,False,False,False,False
cate8-00047,cate8,27,1,False,False,True,False,True
cate8-00051,cate8,28,0,False,False,False,False,False
cate8-00053,cate8,24,3,False,False,False,False,False
cate8-00058,cate8,29,4,True,False,True,False,False
cate8-00059,cate8,30,3,False,False,False,False,False
cate8-00065,cate8,30,3,False,False,False,False,False
cate8-00066,cate8,27,1,False,False,False,False,False
cate8-00071,cate8,31,1,False,False,False,False,True
cate8-00073,cate8,30,2,True,False,False,False,False
cate8-00077,cate8,16,4,False,True,False,False,False
cate8-00080,cate8,26,4,False,False,False,False,False
cate8-00083,cate8,23,4,False,True,False,False,False
cate8-00087,cate8,30,0,False,False,False,True,False
cate8-00089,cate8,25,1,False,False,False,False,False
cate8-00094,cate8,24,0,False,False,False,False,False
cate8-00095,cate8,21,0,False,False,False,False,False
cate8-00101,cate8,30,2,False,False,False,True,False
cate8-00102,cate8,28,0,False,False,False,False,False
cate8-00107,cate8,28,3,False,False,True,False,False
cate8-00109,cate8,27,2,False,False,False,False,False
cate8-00113,cate8,31,4,False,False,False,False,False
cate8-00116,cate8,10,1,False,False,False,False,False
cate8-00119,cate8,29,1,False,False,True,False,False
cate8-00123,cate8,31,2,False,False,False,False,True
cate8-00125,cate8,26,2,False,True,False,False,False
cate8-00130,cate8,21,1,True,False,True,False,False
cate8-00131,cate8,24,4,False,False,False,True,False
cate8-00137,cate8,31,4,False,False,False,False,False
cate8-00138,cate8,31,4,False,False,False,False,False
cate8-00143,cate8,17,2,False,False,False,False,False
cate8-00145,cate8,28,4,False,True,False,False,False
cate8-00149,cate8,30,1,False,False,True,True,False
cate8-00152,cate8,30,1,True,False,False,False,False
cate8-00155,cate8,20,3,False,False,False,False,False
cate8-00159,cate8,23,0,False,False,True,False,False
cate8-00161,cate8,16,3,False,False,False,False,False
cate8-00166,cate8,29,1,True,False,False,False,False
cate8-00167,cate8,27,1,False,False,False,False,False
cate8-00173,cate8,25,3,False,False,False,False,False
cate8-00174,cate8,16,0,False,False,False,False,False
cate8-00179,cate8,26,2,False,False,False,False,False
cate8-00181,cate8,25,1,False,False,False,False,False
cate8-00185,cate8,25,1,False,False,False,False,False
cate8-00188,cate8,19,1,False,False,False,False,False
cate8-00191,cate8,7,2,False,False,False,False,True
cate8-00195,cate8,4,3,True,False,True,False,True
cate8-00197,cate8,24,1,False,False,False,True,False
cate8-00202,cate8,31,3,False,False,False,False,False
cate8-00203,cate8,31,3,False,False,False,False,False
cate8-00209,cate8,30,3,False,False,False,False,False
cate8-00210,cate8,28,0,False,False,False,True,True
cate8-00215,cate8,30,1,False,False,False,True,False
cate8-00217,cate8,30,4,False,True,False,False,False
cate8-00221,cate8,20,0,False,False,False,False,False
cate8-00224,cate8,20,4,False,False,False,False,False
cate8-00227,cate8,25,4,False,False,False,True,False
cate8-00231,cate8,27,3,False,False,False,False,True
cate8-00233,cate8,26,1,False,False,False,False,False
cate8-00238,cate8,27,2,True,False,False,True,False
cate8-00239,cate8,24,4,False,False,False,False,False
cate8-00245,cate8,22,1,False,False,False,False,False
cate8-00246,cate8,11,4,False,False,False,False,False
cate8-00251,cate8,26,3,False,False,True,False,False
cate8-00253,cate8,27,2,False,True,False,False,True
cate8-00257,cate8,22,2,False,False,False,False,False
cate8-00260,cate8,27,0,False,False,False,True,False
cate8-00263,cate8,17,3,False,True,False,False,False
cate8-00267,cate8,29,4,False,False,False,False,False
cate8-00269,cate8,29,3,True,True,False,False,False
cate8-00274,cate8,31,4,False,False,False,False,False
cate8-00275,cate8,21,3,False,False,False,False,False
cate8-00281,cate8,28,0,False,False,False,False,False
cate8-00282,cate8,22,2,False,False,False,False,False
cate8-00287,cate8,20,1,False,False,False,False,False
cate8-00289,cate8,28,0,False,True,False,True,True
cate8-00293,cate8,30,2,False,False,False,False,False
cate8-00296,cate8,28,1,False,False,False,False,False
cate8-00299,cate8,20,4,False,False,False,False,False
cate8-00303,cate8,23,3,False,True,False,False,False
cate8-00305,cate8,27,2,False,False,False,False,False
cate8-00310,cate8,31,0,False,True,False,False,False
cate8-00311,cate8,28,3,False,False,False,False,False
cate8-00317,cate8,28,4,False,True,False,False,False
cate8-00318,cate8,30,0,False,False,False,False,False
cate8-00323,cate8,30,2,False,False,False,False,False
cate8-00325,cate8,31,2,False,False,False,False,False
cate8-00329,cate8,31,2,False,False,False,False,False
cate8-00332,cate8,16,0,False,False,True,True,False
cate8-00335,cate8,29,2,False,False,False,False,False
cate8-00339,cate8,13,0,False,False,False,False,True
cate8-00341,cate8,29,2,False,False,False,False,False
cate8-00346,cate8,31,2,False,True,False,True,False
cate8-00347,cate8,29,4,False,False,False,False,False
cate8-00353,cate8,24,4,True,False,False,False,False
cate8-00354,cate8,25,2,True,False,False,False,False
cate8-00359,cate8,21,1,False,False,False,False,False
cate8-00361,cate8,31,4,False,False,True,False,False
cate8-00365,cate8,31,3,False,False,False,False,True
cate8-00368,cate8,27,3,True,True,False,False,False
cate8-00371,cate8,28,4,False,False,False,True,False
cate8-00375,cate8,30,0,False,False,False,False,True
cate8-00377,cate8,28,2,True,False,False,False,True
cate8-00382,cate8,30,1,False,False,True,False,True
cate8-00383,cate8,30,1,False,False,False,False,False
cate8-00389,cate8,21,3,False,False,False,False,False
cate8-00390,cate8,31,0,False,False,False,False,False
cate8-00395,cate8,27,3,False,False,False,False,False
cate8-00397,cate8,30,3,False,False,False,False,False
cate8-00401,cate8,28,2,False,False,False,False,True
cate8-00404,cate8,28,0,False,True,False,False,False
cate8-00407,cate8,30,0,False,True,True,False,False
cate8-00411,cate8,31,4,False,False,False,False,False
cate8-00413,cate8,30,3,False,False,False,False,False
cate8-00418,cate8,22,0,False,False,False,True,False
cate8-00419,cate8,29,0,False,False,False,False,False
cate8-00425,cate8,24,4,False,False,True,False,False
cate8-00426,cate8,21,3,False,False,False,False,False
cate8-00431,cate8,12,2,False,False,False,False,False
cate8-00433,cate8,29,4,False,False,True,False,False
cate8-00437,cate8,28,2,False,False,False,False,False
cate8-00440,cate8,27,2,False,False,False,False,True
cate8-00443,cate8,29,0,False,False,False,False,False
cate8-00447,cate8,27,0,False,False,False,False,False
cate8-00449,cate8,10,0,False,False,False,False,False
cate8-00454,cate8,23,2,True,False,False,True,False
cate8-00455,cate8,31,3,True,False,False,False,False
cate9-00004,cate9,26,3,True,False,False,False,False
cate9-00010,cate9,27,2,False,False,False,False,False
cate9-00016,cate9,31,4,False,False,False,False,False
cate9-00022,cate9,31,0,False,True,False,True,False
cate9-00028,cate9,29,1,False,False,True,False,False
cate9-00034,cate9,30,3,False,False,False,False,True
cate9-00040,cate9,28,2,False,False,False,False,False
