detector,dx,dy,n_teeth,n_xrays,top1_unshifted,top1_shifted,change_pp,change_lo,change_hi,coord_top1_shifted,n_changed,follow_pct,follow_null_mean_pct,follow_null_p95_pct,follow_p,n_changed_pos_wrong,follow_pos_wrong_pct,follow_pos_wrong_null_p95_pct,follow_pos_wrong_p,match_order,unshifted_full_top1,section60_top1
fasterrcnn,-0.10,0.00,11578,425,92.84,92.73,-0.11,-0.48,0.26,8.59,437,17.16,3.75,5.26,0.0,401,12.47,4.99,0.00,conf,92.82,92.82
fasterrcnn,-0.05,0.00,11601,425,92.83,92.72,-0.11,-0.48,0.25,23.83,444,28.38,3.53,4.95,0.0,339,20.35,5.01,0.00,conf,92.82,92.82
fasterrcnn,0.00,-0.05,11602,425,92.82,92.48,-0.34,-0.63,-0.03,76.06,284,44.01,3.61,5.63,0.0,131,41.98,6.11,0.00,conf,92.82,92.82
fasterrcnn,0.00,0.05,11601,425,92.82,92.74,-0.08,-0.36,0.21,75.91,290,43.79,3.77,5.52,0.0,124,40.32,7.26,0.00,conf,92.82,92.82
fasterrcnn,0.05,0.00,11602,425,92.82,92.41,-0.41,-0.84,0.02,21.71,503,32.60,3.45,4.77,0.0,378,26.98,5.03,0.00,conf,92.82,92.82
fasterrcnn,0.10,0.00,11570,425,92.80,92.54,-0.26,-0.63,0.11,6.78,443,18.96,3.91,5.42,0.0,409,14.91,5.13,0.00,conf,92.82,92.82
rtdetr_l,-0.10,0.00,11578,425,95.15,95.05,-0.10,-0.27,0.06,8.59,70,28.57,5.61,10.00,0.0,59,18.64,8.47,0.00,conf,95.16,95.16
rtdetr_l,-0.05,0.00,11601,425,95.16,95.11,-0.04,-0.24,0.15,23.83,84,27.38,4.32,8.33,0.0,59,20.34,8.47,0.00,conf,95.16,95.16
rtdetr_l,0.00,-0.05,11602,425,95.16,95.16,0.00,-0.16,0.16,76.06,67,53.73,4.11,8.96,0.0,34,52.94,8.82,0.00,conf,95.16,95.16
rtdetr_l,0.00,0.05,11601,425,95.16,95.07,-0.09,-0.23,0.06,75.91,56,51.79,4.80,10.71,0.0,29,51.72,13.79,0.00,conf,95.16,95.16
rtdetr_l,0.05,0.00,11602,425,95.16,95.05,-0.10,-0.27,0.06,21.71,74,27.03,3.29,6.76,0.0,54,18.52,7.41,0.00,conf,95.16,95.16
rtdetr_l,0.10,0.00,11570,425,95.14,95.13,-0.02,-0.18,0.15,6.78,70,12.86,3.44,7.14,0.0,67,8.96,7.46,0.02,conf,95.16,95.16
yolov8x,-0.10,0.00,11578,425,94.98,95.02,0.03,-0.09,0.15,8.59,25,36.00,7.50,16.00,0.0,19,21.05,15.79,0.01,conf,94.98,94.98
yolov8x,-0.05,0.00,11601,425,94.98,94.97,-0.01,-0.16,0.15,23.83,40,32.50,5.03,10.00,0.0,29,31.03,10.34,0.00,conf,94.98,94.98
yolov8x,0.00,-0.05,11602,425,94.98,95.04,0.06,-0.04,0.17,76.06,17,41.18,6.23,17.65,0.0,4,50.00,50.00,0.17,conf,94.98,94.98
yolov8x,0.00,0.05,11601,425,94.98,95.03,0.04,-0.06,0.15,75.91,19,42.11,5.41,15.79,0.0,11,18.18,18.18,0.12,conf,94.98,94.98
yolov8x,0.05,0.00,11602,425,94.98,95.06,0.08,-0.06,0.22,21.71,26,19.23,3.52,11.54,0.0,19,10.53,10.53,0.16,conf,94.98,94.98
yolov8x,0.10,0.00,11570,425,94.97,95.00,0.03,-0.10,0.15,6.78,30,26.67,6.26,13.33,0.0,23,17.39,13.04,0.01,conf,94.98,94.98
