measure,n_movers,closed,closed_lo,closed_hi,open,open_lo,open_hi,closed_minus_open,closed_minus_open_lo,closed_minus_open_hi,half,half_lo,half_hi,half_minus_open,half_minus_open_lo,half_minus_open_hi,repaste,repaste_lo,repaste_hi,repaste_minus_open,repaste_minus_open_lo,repaste_minus_open_hi,closed_minus_repaste,closed_minus_repaste_lo,closed_minus_repaste_hi,rule,paste_confounded
all3,1079,9.3605,7.7275,11.0266,0.1854,0.0000,0.4664,9.1752,7.5160,10.8513,1.2048,0.6393,1.8779,1.0195,0.3813,1.6838,0.0000,0.0000,0.0000,-0.1854,-0.4673,0.0000,9.3605,7.7353,11.0409,1.0000,False
all4,1079,6.3021,4.8938,7.7922,0.0927,0.0000,0.2812,6.2095,4.8059,7.6994,0.7414,0.2773,1.2927,0.6487,0.1818,1.2138,0.0000,0.0000,0.0000,-0.0927,-0.2822,0.0000,6.3021,4.8669,7.7498,,
pos_fill,1079,37.3494,34.0639,40.6044,10.5653,8.6174,12.5461,26.7841,23.6227,29.9622,25.5792,22.8440,28.2570,15.0139,12.6939,17.3273,10.0093,8.1651,12.0371,-0.5561,-1.2207,0.0928,27.3401,24.1154,30.4835,,
fill_yolov8x,1079,26.5987,24.0997,29.2883,2.0389,1.2785,2.9466,24.5598,22.1198,27.1456,8.0630,6.4789,9.7948,6.0241,4.3996,7.7643,1.1121,0.5525,1.7609,-0.9268,-1.7774,-0.0920,25.4866,22.8678,28.1311,,
fill_rtdetr_l,1079,27.7108,25.0694,30.3226,4.3559,3.1835,5.6138,23.3550,20.7056,25.9363,8.8971,7.1828,10.6947,4.5412,2.7751,6.3672,1.1121,0.4673,1.8365,-3.2437,-4.5581,-2.0165,26.5987,24.0339,29.2410,,
fill_fasterrcnn,1079,23.3550,20.7829,25.9328,4.8193,3.5514,6.1981,18.5357,16.0631,21.0428,7.9703,6.3080,9.7607,3.1511,1.4638,4.8553,2.3170,1.4652,3.2803,-2.5023,-3.8246,-1.2082,21.0380,18.5387,23.5675,,
missed_yolov8x,1079,4.4486,3.2258,5.7355,2.9657,1.9736,4.0225,1.4829,0.0000,3.0331,3.2437,2.1958,4.4445,0.2780,-1.0969,1.6575,1.1121,0.5510,1.7625,-1.8536,-2.8757,-0.9091,3.3364,2.0333,4.7179,,
missed_rtdetr_l,1079,1.4829,0.8257,2.2493,3.2437,2.2059,4.4049,-1.7609,-3.0359,-0.4664,0.3707,0.0914,0.7526,-2.8730,-4.0478,-1.7806,0.1854,0.0000,0.4690,-3.0584,-4.1861,-2.0183,1.2975,0.6381,2.0484,,
missed_fasterrcnn,1079,0.5561,0.1833,1.0290,4.4486,3.1569,5.8173,-3.8925,-5.3211,-2.5362,0.3707,0.0910,0.7526,-4.0778,-5.4631,-2.7881,0.5561,0.1835,1.0300,-3.8925,-5.2093,-2.6557,0.0000,-0.5530,0.4726,,
