measure,outcome,n_slots,n_filled,median_filled,median_unfilled,closed_pct_filled,closed_pct_unfilled,filled_pct_among_closed,auroc,auroc_lo,auroc_hi,median_diff,median_diff_lo,median_diff_hi,rule
S,joint,372,36,0.0000,0.3234,97.2222,69.0476,13.1086,0.7780,0.7012,0.8433,0.3234,0.2442,0.3704,1.0000
S,yolov8x,372,78,0.0285,0.3535,93.5897,65.9864,27.3408,0.7578,0.6878,0.8229,0.3250,0.2462,0.4000,
S,rtdetr_l,372,97,0.0389,0.3805,94.8454,63.6364,34.4569,0.7855,0.7312,0.8351,0.3416,0.2762,0.4200,
S,fasterrcnn,372,98,0.0408,0.3620,89.7959,65.3285,32.9588,0.7443,0.6825,0.7997,0.3212,0.2571,0.3923,
S,position_only,372,134,0.1029,0.3778,86.5672,63.4454,43.4457,0.6822,0.6166,0.7416,0.2749,0.1456,0.3473,
S_box,joint,372,36,-0.0495,0.2553,97.2222,77.0833,11.9048,0.7886,0.7205,0.8535,0.3048,0.2369,0.4209,
S_box,yolov8x,372,78,-0.0426,0.2783,93.5897,75.1701,24.8299,0.7616,0.6912,0.8310,0.3209,0.2587,0.4033,
S_box,rtdetr_l,372,97,-0.0312,0.3000,94.8454,73.4545,31.2925,0.7835,0.7311,0.8336,0.3312,0.2766,0.4053,
S_box,fasterrcnn,372,98,-0.0308,0.2948,91.8367,74.4526,30.6122,0.7503,0.6915,0.8058,0.3255,0.2524,0.3850,
S_box,position_only,372,134,0.0426,0.2979,89.5522,73.1092,40.8163,0.6781,0.6105,0.7421,0.2553,0.1489,0.3387,
