image_id,missing,left,right,ref_width_px,dist_mask_px,S,S_box,filled_joint,filled_yolov8x,filled_rtdetr_l,filled_fasterrcnn,filled_position_only
cate10-00005,26,25,27,32.0000,18.2354,0.5699,0.5313,False,False,False,False,True
cate10-00006,46,47,45,49.9999,12.0000,0.2400,0.2400,False,False,False,False,False
cate10-00006,36,35,37,47.0001,19.0000,0.4043,0.3830,False,False,False,False,False
cate10-00012,16,17,15,32.9999,19.0000,0.5758,0.5758,False,False,False,False,False
cate10-00012,36,35,37,47.0001,13.0000,0.2766,0.2766,False,False,False,False,True
cate10-00013,47,48,46,48.9999,35.0000,0.7143,0.4694,False,False,False,False,False
cate10-00018,16,17,15,32.9999,15.1245,0.4583,0.4545,False,False,False,False,True
cate10-00018,26,25,27,32.0000,17.2483,0.5390,0.5000,False,False,False,False,True
cate10-00024,13,14,12,24.0000,13.0000,0.5417,0.5417,False,False,False,False,False
cate10-00027,46,47,45,49.9999,20.0000,0.4000,0.2600,False,False,False,False,True
cate10-00027,36,35,37,47.0001,30.1448,0.6414,0.5319,False,False,False,False,False
cate10-00034,11,12,21,23.0001,28.0000,1.2174,1.2174,False,False,False,True,False
cate10-00034,25,24,26,23.0001,9.0000,0.3913,0.3913,False,False,True,False,True
cate10-00041,36,35,37,47.0001,6.0711,0.1292,0.0213,False,False,False,False,True
cate10-00049,14,15,13,24.9999,12.0000,0.4800,0.3200,False,False,True,False,False
cate10-00049,24,23,25,24.0000,15.7631,0.6568,0.5417,False,False,False,False,False
cate10-00049,26,25,27,32.0000,3.0000,0.0938,0.0938,False,True,True,True,False
cate10-00054,16,17,15,32.9999,0.0000,0.0000,-0.1818,True,True,True,True,True
cate10-00060,16,17,15,32.9999,0.0000,0.0000,-0.2424,False,False,False,False,True
cate10-00060,26,25,27,32.0000,0.0000,0.0000,-0.0625,False,False,False,True,True
cate10-00060,46,47,45,49.9999,0.0000,0.0000,-0.4200,False,False,False,True,True
cate10-00060,36,35,37,47.0001,2.6056,0.0554,-0.4681,False,False,False,True,True
cate10-00063,12,13,11,21.0002,6.0000,0.2857,-0.2857,False,False,False,False,True
cate10-00070,16,17,15,32.9999,0.0000,0.0000,-0.0303,True,True,True,True,True
cate10-00070,22,21,23,19.9997,3.0000,0.1500,0.1500,True,True,True,True,True
cate10-00070,26,25,27,32.0000,0.0000,0.0000,0.0000,True,True,True,True,True
cate10-00070,44,45,43,24.0000,1.0000,0.0417,-0.0833,False,True,True,True,True
cate10-00070,34,33,35,23.0001,0.0000,0.0000,-0.0435,True,True,True,True,True
cate10-00072,15,16,14,24.0000,0.0000,0.0000,-0.0833,False,True,True,False,False
cate10-00072,25,24,26,23.0001,0.0000,0.0000,-0.2174,False,False,False,False,False
cate10-00077,16,17,15,32.9999,0.0000,0.0000,-0.0303,False,False,False,True,True
cate10-00077,26,25,27,32.0000,0.0000,0.0000,-0.0938,False,False,False,True,False
cate10-00078,34,33,35,23.0001,20.0950,0.8737,0.6087,False,False,False,True,False
cate10-00090,46,47,45,49.9999,55.0000,1.1000,1.1000,False,False,False,False,False
cate10-00090,36,35,37,47.0001,29.1496,0.6202,0.6170,False,False,False,False,False
cate10-00102,21,11,22,23.0001,17.6815,0.7688,0.7391,False,False,False,False,False
cate10-00102,42,43,41,17.9999,18.0000,1.0000,1.0000,False,False,False,False,False
cate10-00102,32,31,33,16.9999,8.0000,0.4706,0.4706,False,False,True,True,True
cate10-00102,34,33,35,23.0001,11.0000,0.4783,0.4783,False,False,False,False,True
cate10-00108,46,47,45,49.9999,25.0000,0.5000,0.4200,False,False,False,False,False
cate10-00108,36,35,37,47.0001,16.0000,0.3404,0.2979,False,False,False,False,False
cate10-00113,46,47,45,49.9999,1.2361,0.0247,-0.1000,False,False,False,False,False
cate10-00114,16,17,15,32.9999,12.0000,0.3636,0.3030,False,False,False,False,True
cate10-00114,47,48,46,48.9999,12.0000,0.2449,-0.1224,False,False,False,False,True
cate2-00004,11,12,21,23.0001,1.0000,0.0435,-0.1304,True,True,True,True,True
cate2-00018,36,35,37,47.0001,0.0000,0.0000,-0.1277,False,False,False,False,True
cate4-00113,46,47,45,49.9999,0.0000,0.0000,-0.4000,True,True,True,True,True
cate5-00012,16,17,15,32.9999,26.0185,0.7884,0.7576,False,False,False,False,False
cate5-00012,14,15,13,24.9999,13.0000,0.5200,0.5200,False,False,False,False,True
cate5-00012,26,25,27,32.0000,13.3178,0.4162,0.1250,False,False,False,True,False
cate5-00018,27,26,28,32.0000,3.0000,0.0938,0.0938,True,True,True,True,True
cate5-00024,15,16,14,24.0000,0.0000,0.0000,-0.0833,False,False,False,False,False
cate5-00030,25,24,26,23.0001,13.0000,0.5652,0.5652,False,False,False,False,False
cate5-00031,15,16,14,24.0000,1.0000,0.0417,-0.0417,False,True,False,True,True
cate5-00037,25,24,26,23.0001,19.2237,0.8358,0.7826,False,False,False,False,False
cate5-00042,15,16,14,24.0000,44.0999,1.8375,1.8333,False,False,False,False,False
cate5-00048,15,16,14,24.0000,2.0000,0.0833,0.0833,False,False,False,True,False
cate5-00048,36,35,37,47.0001,16.0000,0.3404,0.3404,False,False,False,False,False
cate5-00049,36,35,37,47.0001,0.0000,0.0000,-0.1915,False,True,True,False,True
cate5-00054,46,47,45,49.9999,28.6142,0.5723,0.1600,False,False,False,False,True
cate5-00060,46,47,45,49.9999,0.0000,0.0000,-0.0000,False,False,False,False,False
cate5-00060,44,45,43,24.0000,16.4642,0.6860,0.6250,False,False,False,False,False
cate5-00060,36,35,37,47.0001,8.0000,0.1702,0.1277,False,False,False,False,False
cate5-00061,16,17,15,32.9999,28.0000,0.8485,0.8485,False,False,False,False,False
cate5-00061,25,24,26,23.0001,16.0000,0.6957,0.6956,False,False,False,False,True
cate5-00061,46,47,45,49.9999,31.7567,0.6351,0.5400,False,False,False,False,False
cate5-00066,12,13,11,21.0002,7.0623,0.3363,0.2381,False,False,False,False,True
cate5-00067,14,15,13,24.9999,16.0000,0.6400,0.5600,False,False,False,False,False
cate5-00067,46,47,45,49.9999,40.4849,0.8097,0.7800,False,False,False,False,False
cate5-00067,36,35,37,47.0001,42.0116,0.8939,0.8936,False,False,False,False,False
cate5-00073,14,15,13,24.9999,5.0000,0.2000,0.1600,False,True,True,False,True
cate5-00073,45,46,44,29.0002,23.3516,0.8052,0.7586,False,True,False,False,False
cate5-00078,46,47,45,49.9999,28.0000,0.5600,0.4800,False,False,False,False,False
cate5-00085,26,25,27,32.0000,23.0208,0.7194,0.6562,False,False,False,False,False
cate5-00085,46,47,45,49.9999,23.0832,0.4617,0.2000,False,False,False,False,False
cate5-00090,12,13,11,21.0002,0.0000,0.0000,-0.0953,True,True,True,True,True
cate5-00090,45,46,44,29.0002,20.0950,0.6929,0.6897,False,False,False,True,False
cate5-00096,14,15,13,24.9999,1.8284,0.0731,-0.0000,False,False,True,False,True
cate5-00096,11,12,21,23.0001,21.0000,0.9130,0.8696,False,False,False,False,False
cate5-00096,47,48,46,48.9999,11.0830,0.2262,-0.1429,True,True,True,True,True
cate5-00096,37,36,38,48.0000,4.0000,0.0833,-0.0833,False,True,False,False,True
cate5-00102,46,47,45,49.9999,18.6469,0.3729,0.3600,False,False,False,False,False
cate5-00102,36,35,37,47.0001,37.0000,0.7872,0.7660,False,False,False,False,False
cate5-00103,34,33,35,23.0001,22.0000,0.9565,0.9130,False,False,False,False,False
cate6-00009,12,13,11,21.0002,2.0000,0.0952,-0.1905,True,True,True,True,True
cate6-00009,22,21,23,19.9997,1.0000,0.0500,0.0000,False,False,True,True,True
cate6-00009,44,45,43,24.0000,0.0000,0.0000,-0.0417,False,False,False,True,False
cate6-00009,42,43,41,17.9999,0.0000,0.0000,-0.0556,True,True,True,True,True
cate6-00014,45,46,44,29.0002,0.0000,0.0000,-0.4828,False,False,False,True,False
cate6-00014,35,34,36,28.0003,0.0000,0.0000,-0.3928,False,False,True,False,False
cate6-00022,45,46,44,29.0002,0.0000,0.0000,-0.2069,False,True,False,False,True
cate6-00022,35,34,36,28.0003,0.0000,0.0000,-0.2500,True,True,True,True,True
cate6-00093,42,43,41,17.9999,0.0000,0.0000,-0.4444,False,True,True,False,True
cate6-00093,32,31,33,16.9999,0.0000,0.0000,-0.2353,False,False,False,False,False
cate7-00002,46,47,45,49.9999,29.0832,0.5817,0.2800,False,False,False,False,False
cate7-00002,41,42,31,16.0000,18.0000,1.1250,1.1250,False,False,False,False,True
cate7-00002,36,35,37,47.0001,24.0000,0.5106,0.1277,False,False,False,False,False
cate7-00004,16,17,15,32.9999,0.0000,0.0000,-0.0303,True,True,True,True,True
cate7-00004,23,22,24,23.0001,15.0000,0.6522,0.6522,False,False,True,False,False
cate7-00004,34,33,35,23.0001,24.0000,1.0435,1.0000,False,False,False,False,False
cate7-00008,14,15,13,24.9999,11.3693,0.4548,0.4400,False,False,False,False,False
cate7-00008,24,23,25,24.0000,11.6491,0.4854,0.4583,False,False,False,False,True
cate7-00011,14,15,13,24.9999,16.4642,0.6586,0.5200,False,False,False,False,True
cate7-00011,24,23,25,24.0000,0.0000,0.0000,-0.1250,False,False,False,True,False
cate7-00011,27,26,28,32.0000,14.0000,0.4375,0.4063,False,False,False,False,True
cate7-00018,36,35,37,47.0001,11.0416,0.2349,0.2340,False,False,True,True,True
cate7-00025,22,21,23,19.9997,15.0000,0.7500,0.7500,False,False,False,False,False
cate7-00025,46,47,45,49.9999,13.5602,0.2712,0.2400,False,False,False,False,False
cate7-00025,36,35,37,47.0001,15.0000,0.3191,0.2553,False,False,False,False,False
cate7-00026,16,17,15,32.9999,20.3776,0.6175,0.6061,False,False,False,True,False
cate7-00032,46,47,45,49.9999,0.0000,0.0000,-0.1000,True,True,True,True,True
cate7-00032,36,35,37,47.0001,0.0000,0.0000,-0.0213,True,True,True,True,True
cate7-00033,15,16,14,24.0000,0.0000,0.0000,-0.2083,False,False,False,True,False
cate7-00033,25,24,26,23.0001,0.0000,0.0000,-0.3043,False,False,False,False,False
cate7-00033,46,47,45,49.9999,13.0000,0.2600,0.2000,False,True,True,False,True
cate7-00038,36,35,37,47.0001,7.0000,0.1489,0.1489,False,False,False,False,True
cate7-00050,43,44,42,22.0001,0.0000,0.0000,-0.3182,True,True,True,True,False
cate7-00054,15,16,14,24.0000,12.0000,0.5000,0.5000,False,False,False,False,False
cate7-00056,15,16,14,24.0000,0.0000,0.0000,-0.0417,False,True,True,True,False
cate7-00056,25,24,26,23.0001,0.0000,0.0000,-0.0435,False,True,True,False,True
cate7-00061,36,35,37,47.0001,23.0832,0.4911,0.4894,False,False,False,False,False
cate7-00062,16,17,15,32.9999,0.0000,0.0000,-0.0303,False,True,True,True,False
cate7-00062,26,25,27,32.0000,0.0000,0.0000,-0.1250,False,True,True,True,False
cate7-00062,46,47,45,49.9999,0.0000,0.0000,-0.2200,False,True,True,True,False
cate7-00062,36,35,37,47.0001,1.0000,0.0213,-0.1064,False,False,False,False,False
cate7-00069,23,22,24,23.0001,0.4142,0.0180,-0.1739,True,True,True,True,True
cate7-00069,46,47,45,49.9999,37.8330,0.7567,0.5600,False,False,False,False,False
cate7-00069,36,35,37,47.0001,10.4018,0.2213,0.1702,False,False,False,False,False
cate7-00074,15,16,14,24.0000,0.0000,0.0000,-0.2500,False,True,True,True,False
cate7-00074,37,36,38,48.0000,16.0000,0.3333,0.1667,False,False,False,False,False
cate7-00076,15,16,14,24.0000,0.0000,0.0000,-0.1667,False,False,False,True,False
cate7-00086,46,47,45,49.9999,27.0000,0.5400,0.3600,False,False,False,False,False
cate7-00086,44,45,43,24.0000,8.0000,0.3333,0.3333,False,False,False,False,False
cate7-00086,37,36,38,48.0000,9.0000,0.1875,0.0208,False,False,False,False,False
cate7-00090,16,17,15,32.9999,15.7631,0.4777,0.4545,False,False,False,False,False
cate7-00090,26,25,27,32.0000,19.0000,0.5938,0.5938,False,False,False,True,False
cate7-00092,46,47,45,49.9999,19.2237,0.3845,0.1400,False,False,False,False,False
cate7-00097,15,16,14,24.0000,0.0000,0.0000,-0.5000,False,False,True,False,False
cate7-00097,25,24,26,23.0001,0.0000,0.0000,-0.2174,False,False,False,False,False
cate7-00097,45,46,44,29.0002,7.0000,0.2414,0.0690,True,True,True,True,True
cate7-00097,36,35,37,47.0001,9.0000,0.1915,-0.1064,False,False,True,False,False
cate7-00098,36,35,37,47.0001,10.1803,0.2166,0.2128,False,False,False,False,True
cate7-00105,14,15,13,24.9999,0.0000,0.0000,-0.1200,False,False,True,False,True
cate7-00105,24,23,25,24.0000,0.0000,0.0000,-0.1250,False,True,True,False,True
cate7-00105,44,45,43,24.0000,0.0000,0.0000,-0.3333,False,False,False,False,True
cate7-00105,34,33,35,23.0001,0.0000,0.0000,-0.1739,False,False,False,True,False
cate7-00112,15,16,14,24.0000,0.0000,0.0000,-0.0833,False,False,False,False,False
cate7-00112,44,45,43,24.0000,12.0000,0.5000,0.5000,False,False,False,False,False
cate7-00112,36,35,37,47.0001,20.0000,0.4255,0.4255,False,False,False,False,False
cate8-00001,46,47,45,49.9999,21.0000,0.4200,0.2400,False,False,False,False,False
cate8-00001,36,35,37,47.0001,31.0156,0.6599,0.4043,False,False,False,False,False
cate8-00005,46,47,45,49.9999,24.7099,0.4942,0.3000,False,False,False,False,False
cate8-00011,46,47,45,49.9999,9.0000,0.1800,0.1800,False,False,False,False,False
cate8-00011,36,35,37,47.0001,18.9249,0.4027,0.3830,False,False,False,False,False
cate8-00015,15,16,14,24.0000,9.0000,0.3750,0.3750,False,False,False,False,False
cate8-00015,26,25,27,32.0000,6.0000,0.1875,0.1875,False,False,True,True,True
cate8-00015,37,36,38,48.0000,6.0000,0.1250,-0.2083,False,True,False,False,False
cate8-00017,16,17,15,32.9999,8.0000,0.2424,0.2121,False,False,True,False,False
cate8-00017,26,25,27,32.0000,18.1050,0.5658,0.5000,False,False,False,False,False
cate8-00017,36,35,37,47.0001,2.0000,0.0426,0.0213,False,False,False,False,False
cate8-00022,46,47,45,49.9999,21.3607,0.4272,0.3200,False,False,False,False,False
cate8-00023,46,47,45,49.9999,10.4018,0.2080,0.0600,False,False,False,False,False
cate8-00023,36,35,37,47.0001,8.0000,0.1702,-0.0000,False,False,False,False,False
cate8-00029,46,47,45,49.9999,25.4008,0.5080,0.2200,False,False,False,False,False
cate8-00029,36,35,37,47.0001,12.4164,0.2642,0.1489,False,False,False,False,False
cate8-00030,46,47,45,49.9999,25.6833,0.5137,0.4800,False,False,False,True,False
cate8-00035,16,17,15,32.9999,19.0250,0.5765,0.5455,False,True,True,False,False
cate8-00037,25,24,26,23.0001,15.0000,0.6522,0.6087,False,False,False,False,False
cate8-00037,46,47,45,49.9999,15.2788,0.3056,0.2600,False,False,False,False,False
cate8-00041,47,48,46,48.9999,19.0000,0.3878,0.1021,False,False,False,False,False
cate8-00044,46,47,45,49.9999,9.0000,0.1800,0.1800,True,True,True,True,True
cate8-00044,36,35,37,47.0001,27.0000,0.5745,0.5319,False,False,False,False,False
cate8-00051,16,17,15,32.9999,22.0868,0.6693,0.5758,False,False,False,False,False
cate8-00051,26,25,27,32.0000,16.0880,0.5028,0.4375,False,False,False,False,True
cate8-00053,15,16,14,24.0000,17.2483,0.7187,0.7083,False,False,False,False,False
cate8-00053,23,22,24,23.0001,6.0000,0.2609,0.2609,False,True,True,True,False
cate8-00053,26,25,27,32.0000,15.0000,0.4688,0.4688,False,True,False,True,False
cate8-00058,45,46,44,29.0002,16.0000,0.5517,0.5517,False,False,False,False,False
cate8-00059,45,46,44,29.0002,23.5967,0.8137,0.4828,False,False,False,False,False
cate8-00059,35,34,36,28.0003,4.0000,0.1429,0.0714,False,False,False,True,True
cate8-00066,35,34,36,28.0003,13.0000,0.4643,0.4643,False,False,False,False,False
cate8-00073,46,47,45,49.9999,0.0000,0.0000,-0.1200,False,False,True,False,False
cate8-00073,36,35,37,47.0001,20.3776,0.4336,0.4255,False,False,False,False,False
cate8-00077,17,18,16,32.9999,24.0000,0.7273,0.6970,True,True,True,True,True
cate8-00077,14,15,13,24.9999,5.0000,0.2000,0.1600,False,False,True,False,False
cate8-00077,24,23,25,24.0000,11.0000,0.4583,0.2917,False,True,True,False,False
cate8-00077,34,33,35,23.0001,14.1327,0.6145,0.6087,False,False,False,False,True
cate8-00077,36,35,37,47.0001,25.2488,0.5372,0.4681,False,False,False,False,False
cate8-00080,16,17,15,32.9999,16.0294,0.4857,0.4849,False,False,False,False,True
cate8-00080,46,47,45,49.9999,25.6833,0.5137,0.4600,False,False,False,False,False
cate8-00083,14,15,13,24.9999,9.1980,0.3679,0.3600,False,False,False,False,False
cate8-00087,46,47,45,49.9999,12.3417,0.2468,0.2400,False,False,False,False,False
cate8-00087,36,35,37,47.0001,3.0000,0.0638,0.0638,False,False,False,False,False
cate8-00089,16,17,15,32.9999,9.2956,0.2817,0.2121,False,False,False,False,False
cate8-00089,26,25,27,32.0000,3.1231,0.0976,0.0937,False,False,False,False,True
cate8-00089,46,47,45,49.9999,15.7631,0.3153,0.2600,False,False,False,False,False
cate8-00095,46,47,45,49.9999,6.2801,0.1256,0.1000,False,False,True,False,False
cate8-00095,36,35,37,47.0001,5.0828,0.1081,0.0638,False,False,True,False,True
cate8-00107,46,47,45,49.9999,17.0278,0.3406,0.3000,False,False,False,False,False
cate8-00107,36,35,37,47.0001,19.2237,0.4090,0.3617,False,False,False,False,False
cate8-00109,46,47,45,49.9999,8.0000,0.1600,0.1600,False,False,False,False,False
cate8-00116,46,47,45,49.9999,16.0000,0.3200,0.3200,False,True,False,False,True
cate8-00119,34,33,35,23.0001,0.0000,0.0000,-0.2609,True,True,True,True,True
cate8-00123,26,25,27,32.0000,6.2111,0.1941,0.1250,False,False,False,False,True
cate8-00125,26,25,27,32.0000,19.8806,0.6213,0.5938,False,False,False,False,False
cate8-00125,46,47,45,49.9999,26.5136,0.5303,0.2400,False,False,False,True,False
cate8-00130,16,17,15,32.9999,11.1655,0.3383,0.2727,False,True,True,False,True
cate8-00130,14,15,13,24.9999,9.0000,0.3600,0.2800,False,True,True,False,True
cate8-00130,44,45,43,24.0000,11.0000,0.4583,0.4583,False,False,False,True,True
cate8-00130,35,34,36,28.0003,6.0000,0.2143,0.2143,False,False,False,False,False
cate8-00131,24,23,25,24.0000,0.0000,0.0000,-0.3333,False,True,True,True,True
cate8-00137,37,36,38,48.0000,24.0000,0.5000,0.3750,False,False,False,False,False
cate8-00138,37,36,38,48.0000,25.2488,0.5260,0.3125,False,False,False,False,False
cate8-00149,16,17,15,32.9999,7.2462,0.2196,0.1515,False,False,False,False,False
cate8-00149,46,47,45,49.9999,22.1948,0.4439,0.3000,False,False,False,False,False
cate8-00152,47,48,46,48.9999,17.0000,0.3469,0.1020,False,False,False,False,False
cate8-00152,37,36,38,48.0000,3.0000,0.0625,-0.2917,False,True,True,True,False
cate8-00155,24,23,25,24.0000,18.0000,0.7500,0.5833,False,False,False,False,False
cate8-00159,17,18,16,32.9999,10.7047,0.3244,0.1818,False,False,True,True,True
cate8-00159,46,47,45,49.9999,38.1152,0.7623,0.7600,False,False,False,False,False
cate8-00159,36,35,37,47.0001,17.0278,0.3623,0.3617,False,False,False,False,False
cate8-00161,25,24,26,23.0001,5.0000,0.2174,0.1304,False,False,True,False,False
cate8-00166,26,25,27,32.0000,0.0000,0.0000,-0.1250,False,False,True,True,True
cate8-00167,46,47,45,49.9999,26.0000,0.5200,0.5200,False,False,False,False,False
cate8-00167,36,35,37,47.0001,10.0000,0.2128,0.2128,False,False,False,False,False
cate8-00173,15,16,14,24.0000,0.0000,0.0000,-0.2500,False,False,False,False,False
cate8-00173,25,24,26,23.0001,2.0000,0.0870,0.0435,False,False,False,True,True
cate8-00174,13,14,12,24.0000,23.0000,0.9583,0.8333,False,False,False,False,False
cate8-00174,11,12,21,23.0001,26.0000,1.1304,1.1304,False,False,False,False,False
cate8-00174,43,44,42,22.0001,2.0000,0.0909,0.0909,False,False,True,True,False
cate8-00174,35,34,36,28.0003,12.0000,0.4286,0.4286,False,False,False,True,False
cate8-00179,46,47,45,49.9999,9.1980,0.1840,0.0800,False,False,False,False,False
cate8-00179,36,35,37,47.0001,14.0000,0.2979,0.2979,False,False,False,False,False
cate8-00181,36,35,37,47.0001,19.0000,0.4043,0.4043,False,False,False,False,False
cate8-00185,24,23,25,24.0000,0.0000,0.0000,-0.1250,False,True,False,False,True
cate8-00185,32,31,33,16.9999,0.0000,0.0000,-0.1176,True,True,True,True,True
cate8-00188,11,12,21,23.0001,28.0000,1.2174,1.2174,False,False,False,False,False
cate8-00191,41,42,31,16.0000,7.0000,0.4375,0.3750,False,False,False,True,True
cate8-00197,15,16,14,24.0000,0.0000,0.0000,-0.1250,False,False,True,False,False
cate8-00197,25,24,26,23.0001,0.0000,0.0000,-0.1304,False,False,True,False,False
cate8-00197,45,46,44,29.0002,0.0000,0.0000,0.0000,False,False,False,False,False
cate8-00197,35,34,36,28.0003,1.0000,0.0357,-0.0357,False,False,False,False,True
cate8-00202,16,17,15,32.9999,5.7082,0.1730,0.1212,False,True,True,False,True
cate8-00203,46,47,45,49.9999,11.0000,0.2200,0.1800,False,False,False,False,False
cate8-00210,13,14,12,24.0000,18.0000,0.7500,0.7083,False,False,False,False,False
cate8-00210,46,47,45,49.9999,13.1421,0.2628,0.2600,False,False,False,False,False
cate8-00210,36,35,37,47.0001,1.0000,0.0213,0.0213,False,False,False,False,False
cate8-00217,15,16,14,24.0000,0.0000,0.0000,-0.2917,False,True,False,True,False
cate8-00221,25,24,26,23.0001,7.0000,0.3043,0.2609,False,False,False,False,False
cate8-00224,46,47,45,49.9999,13.3178,0.2664,0.1400,False,False,False,False,False
cate8-00227,15,16,14,24.0000,0.0000,0.0000,-0.0833,False,False,False,False,False
cate8-00227,46,47,45,49.9999,16.1172,0.3223,0.1800,False,False,False,False,False
cate8-00231,26,25,27,32.0000,21.0000,0.6562,0.5938,False,False,False,False,False
cate8-00233,24,23,25,24.0000,24.3180,1.0132,0.7916,False,False,False,False,False
cate8-00233,46,47,45,49.9999,15.0000,0.3000,0.3000,False,False,False,False,False
cate8-00238,36,35,37,47.0001,27.4429,0.5839,0.4681,False,False,False,False,True
cate8-00239,17,18,16,32.9999,20.0000,0.6061,0.5758,False,True,False,False,True
cate8-00239,27,26,28,32.0000,17.0000,0.5312,0.5312,False,True,False,True,True
cate8-00245,15,16,14,24.0000,7.5440,0.3143,0.2917,False,False,False,False,True
cate8-00251,46,47,45,49.9999,12.3417,0.2468,0.2400,False,False,False,False,True
cate8-00253,15,16,14,24.0000,0.0000,0.0000,-0.2083,True,True,True,True,True
cate8-00253,23,22,24,23.0001,0.0000,0.0000,-0.2174,True,True,True,True,True
cate8-00253,26,25,27,32.0000,8.0000,0.2500,0.2500,False,False,False,False,True
cate8-00253,45,46,44,29.0002,0.0000,0.0000,-0.3448,False,False,True,True,True
cate8-00253,35,34,36,28.0003,0.0000,0.0000,-0.4286,False,False,False,False,True
cate8-00257,16,17,15,32.9999,11.0416,0.3346,0.2727,False,False,False,True,True
cate8-00257,26,25,27,32.0000,6.0000,0.1875,0.1563,False,False,False,True,True
cate8-00257,36,35,37,47.0001,11.6491,0.2479,0.2128,False,False,False,False,False
cate8-00260,16,17,15,32.9999,3.0000,0.0909,0.0606,False,False,True,False,True
cate8-00260,14,15,13,24.9999,0.0000,0.0000,0.0000,False,False,False,False,False
cate8-00260,26,25,27,32.0000,0.0000,0.0000,-0.0938,False,False,True,False,True
cate8-00263,16,17,15,32.9999,29.0000,0.8788,0.8788,False,False,False,False,False
cate8-00263,36,35,37,47.0001,17.0000,0.3617,0.3617,False,False,False,False,False
cate8-00267,46,47,45,49.9999,6.0000,0.1200,0.0400,False,False,True,False,False
cate8-00267,36,35,37,47.0001,1.8284,0.0389,-0.2553,False,True,True,True,False
cate8-00269,35,34,36,28.0003,0.0000,0.0000,-0.0714,False,False,False,False,False
cate8-00275,46,47,45,49.9999,9.0499,0.1810,0.1600,False,False,False,False,False
cate8-00275,36,35,37,47.0001,0.0000,0.0000,-0.0426,False,False,False,False,False
cate8-00281,14,15,13,24.9999,17.9737,0.7189,0.6800,False,False,False,False,False
cate8-00281,47,48,46,48.9999,0.0000,0.0000,-0.1633,False,False,True,True,True
cate8-00281,36,35,37,47.0001,0.0000,0.0000,-0.0000,False,False,False,False,False
cate8-00287,24,23,25,24.0000,12.0000,0.5000,0.3750,False,False,False,False,True
cate8-00289,24,23,25,24.0000,13.0000,0.5417,0.5000,False,False,False,False,False
cate8-00289,46,47,45,49.9999,18.0000,0.3600,0.3600,False,False,False,False,False
cate8-00293,46,47,45,49.9999,21.8035,0.4361,0.3000,False,False,False,False,False
cate8-00293,36,35,37,47.0001,16.0000,0.3404,0.3191,False,False,False,False,True
cate8-00296,16,17,15,32.9999,1.0000,0.0303,-0.0303,False,False,True,True,True
cate8-00296,26,25,27,32.0000,20.8403,0.6513,0.5938,False,False,False,False,False
cate8-00296,46,47,45,49.9999,0.0000,0.0000,-0.2400,True,True,True,True,True
cate8-00296,36,35,37,47.0001,14.0000,0.2979,0.1702,False,False,False,False,False
cate8-00299,12,13,11,21.0002,27.0000,1.2857,1.1429,False,False,False,False,False
cate8-00299,46,47,45,49.9999,7.5440,0.1509,0.1000,False,False,False,False,False
cate8-00299,36,35,37,47.0001,15.0000,0.3191,0.2553,False,False,False,False,False
cate8-00303,16,17,15,32.9999,31.0000,0.9394,0.9394,False,False,False,False,False
cate8-00303,25,24,26,23.0001,1.0000,0.0435,0.0435,False,False,False,False,False
cate8-00305,14,15,13,24.9999,0.0000,0.0000,-0.2800,True,True,True,True,False
cate8-00311,26,25,27,32.0000,19.0000,0.5938,0.5938,False,False,False,False,False
cate8-00318,36,35,37,47.0001,21.0000,0.4468,0.4468,False,False,False,False,False
cate8-00323,16,17,15,32.9999,15.2788,0.4630,0.4242,False,False,False,False,False
cate8-00323,36,35,37,47.0001,25.0000,0.5319,0.4894,False,False,False,False,False
cate8-00325,35,34,36,28.0003,11.0416,0.3943,0.0357,True,True,True,True,True
cate8-00329,46,47,45,49.9999,19.0250,0.3805,0.3400,False,False,False,False,False
cate8-00332,22,21,23,19.9997,19.0000,0.9500,0.9500,False,False,False,False,False
cate8-00335,12,13,11,21.0002,5.3246,0.2535,0.0476,False,False,False,False,False
cate8-00335,22,21,23,19.9997,6.0000,0.3000,0.3000,False,False,False,False,False
cate8-00339,15,16,14,24.0000,0.0000,0.0000,-0.3333,False,False,False,True,False
cate8-00341,36,35,37,47.0001,15.0000,0.3191,0.1489,False,False,False,False,False
cate8-00346,26,25,27,32.0000,21.0907,0.6591,0.6250,False,False,False,False,False
cate8-00347,26,25,27,32.0000,10.1803,0.3181,0.2500,False,False,False,True,True
cate8-00347,46,47,45,49.9999,19.6155,0.3923,0.2800,False,False,False,False,False
cate8-00347,36,35,37,47.0001,0.0000,0.0000,-0.1277,False,False,False,False,False
cate8-00353,17,18,16,32.9999,8.8489,0.2681,0.2121,True,True,True,True,True
cate8-00353,14,15,13,24.9999,0.0000,0.0000,0.0000,False,True,True,False,True
cate8-00353,24,23,25,24.0000,15.4924,0.6455,0.5417,False,False,False,False,True
cate8-00354,14,15,13,24.9999,8.0000,0.3200,0.3200,False,False,False,False,False
cate8-00354,24,23,25,24.0000,0.0000,0.0000,-0.0417,False,True,True,False,True
cate8-00359,47,48,46,48.9999,14.5242,0.2964,0.1224,False,True,False,True,True
cate8-00361,36,35,37,47.0001,3.0000,0.0638,-0.1277,False,False,False,False,True
cate8-00365,45,46,44,29.0002,15.0000,0.5172,0.4828,False,False,False,False,False
cate8-00368,14,15,13,24.9999,12.0000,0.4800,0.3200,False,False,False,False,False
cate8-00368,25,24,26,23.0001,3.0000,0.1304,0.1304,False,False,False,False,False
cate8-00368,37,36,38,48.0000,18.6469,0.3885,0.1875,False,False,False,False,False
cate8-00371,25,24,26,23.0001,16.0000,0.6957,0.6522,False,False,True,True,True
cate8-00371,46,47,45,49.9999,14.0000,0.2800,0.2600,False,False,False,False,False
cate8-00375,36,35,37,47.0001,24.4951,0.5212,0.4894,False,False,False,False,False
cate8-00377,26,25,27,32.0000,0.0000,0.0000,-0.1562,True,True,True,True,True
cate8-00383,25,24,26,23.0001,0.0000,0.0000,-0.0869,False,False,False,False,False
cate8-00389,16,17,15,32.9999,11.0000,0.3333,0.3333,False,False,False,False,True
cate8-00389,36,35,37,47.0001,28.6142,0.6088,0.4894,False,False,False,False,False
cate8-00395,44,45,43,24.0000,1.0000,0.0417,0.0417,False,False,False,False,True
cate8-00395,34,33,35,23.0001,5.0828,0.2210,0.0000,True,True,True,True,True
cate8-00397,34,33,35,23.0001,4.0000,0.1739,-0.0435,False,True,False,False,False
cate8-00397,36,35,37,47.0001,17.2483,0.3670,0.3404,False,False,False,False,False
cate8-00401,46,47,45,49.9999,16.0000,0.3200,0.2000,False,False,False,False,False
cate8-00401,36,35,37,47.0001,12.0000,0.2553,0.1915,False,False,False,False,False
cate8-00404,46,47,45,49.9999,11.0000,0.2200,0.2200,False,False,False,False,False
cate8-00407,16,17,15,32.9999,2.0000,0.0606,0.0606,True,True,True,True,True
cate8-00407,26,25,27,32.0000,0.0000,0.0000,-0.0312,True,True,True,True,True
cate8-00411,36,35,37,47.0001,22.1948,0.4722,0.3830,False,False,False,False,False
cate8-00413,46,47,45,49.9999,27.0000,0.5400,0.5400,False,False,False,False,False
cate8-00413,33,32,34,22.0001,8.0000,0.3636,0.1364,True,True,True,True,True
cate8-00425,15,16,14,24.0000,12.9284,0.5387,0.5000,False,False,True,False,False
cate8-00425,36,35,37,47.0001,10.0000,0.2128,0.1702,False,False,False,False,False
cate8-00426,13,14,12,24.0000,1.0000,0.0417,0.0417,True,True,True,True,True
cate8-00426,24,23,25,24.0000,0.0000,0.0000,-0.0417,False,False,True,True,True
cate8-00426,35,34,36,28.0003,14.2971,0.5106,0.2857,False,False,False,False,False
cate8-00431,15,16,14,24.0000,13.0357,0.5432,0.5417,False,False,False,False,False
cate8-00431,24,23,25,24.0000,15.0000,0.6250,0.6250,False,False,False,False,True
cate8-00431,41,42,31,16.0000,27.0000,1.6875,1.6875,False,False,False,False,True
cate8-00440,36,35,37,47.0001,16.0000,0.3404,0.3404,False,False,False,False,True
cate8-00443,26,25,27,32.0000,4.3852,0.1370,0.0312,False,False,True,True,False
cate8-00443,46,47,45,49.9999,32.9559,0.6591,0.4800,False,False,False,False,False
cate8-00443,36,35,37,47.0001,29.6757,0.6314,0.2766,False,False,False,False,False
cate8-00447,46,47,45,49.9999,20.0000,0.4000,0.4000,False,False,False,False,False
cate8-00449,36,35,37,47.0001,0.0000,0.0000,-0.0213,False,False,False,False,True
cate8-00454,24,23,25,24.0000,10.4018,0.4334,0.4167,False,True,False,False,False
cate8-00454,26,25,27,32.0000,26.0000,0.8125,0.7500,False,False,False,False,False
cate8-00454,46,47,45,49.9999,32.2415,0.6448,0.4400,False,False,False,False,False
cate9-00004,12,13,11,21.0002,0.0000,0.0000,-0.1905,False,False,False,True,False
cate9-00004,22,21,23,19.9997,0.0000,0.0000,-0.2000,False,False,False,False,True
cate9-00010,15,16,14,24.0000,0.0000,0.0000,-0.3750,False,False,True,False,False
cate9-00010,25,24,26,23.0001,0.0000,0.0000,-0.2174,False,False,True,False,True
cate9-00010,45,46,44,29.0002,0.0000,0.0000,-0.1724,False,False,False,False,False
cate9-00010,33,32,34,22.0001,2.0000,0.0909,0.0455,True,True,True,True,True
cate9-00016,46,47,45,49.9999,3.0000,0.0600,-0.1200,False,False,False,False,True
cate9-00028,14,15,13,24.9999,1.0000,0.0400,-0.0800,False,False,True,True,True
cate9-00028,25,24,26,23.0001,0.0000,0.0000,-0.1304,False,True,False,False,False
cate9-00028,45,46,44,29.0002,0.0000,0.0000,-0.1034,False,True,False,True,True
cate9-00040,15,16,14,24.0000,2.0000,0.0833,0.0833,False,False,False,False,False
cate9-00040,25,24,26,23.0001,3.0000,0.1304,0.0870,False,False,False,False,True
cate9-00040,45,46,44,29.0002,7.0000,0.2414,0.2414,False,True,False,False,False
cate9-00040,35,34,36,28.0003,0.0000,0.0000,-0.1428,False,False,False,True,True
