detector,conf,iou,det_top1,coord_top1,gap_pp,missed_pct,section60_gap,diff_from_section60
yolov8x,0.2500,0.3000,95.3025,78.4951,16.8074,0.5172,16.4023,0.4051
rtdetr_l,0.2500,0.3000,77.8056,78.4951,-0.6895,0.2413,15.3336,-16.0231
fasterrcnn,0.2500,0.3000,91.7342,78.4951,13.2391,0.3534,14.1010,-0.8619
yolov8x,0.2500,0.5000,95.1129,78.4951,16.6178,0.7326,16.4023,0.2155
rtdetr_l,0.2500,0.5000,77.7366,78.4951,-0.7585,0.4310,15.3336,-16.0921
fasterrcnn,0.2500,0.5000,91.5446,78.4951,13.0495,0.6292,14.1010,-1.0515
yolov8x,0.2500,0.7000,92.2600,78.4951,13.7649,3.7235,16.4023,-2.6374
rtdetr_l,0.2500,0.7000,75.6077,78.4951,-2.8874,3.4477,15.3336,-18.2210
fasterrcnn,0.2500,0.7000,88.3296,78.4951,9.8345,4.3613,14.1010,-4.2665
yolov8x,0.5000,0.3000,95.0698,78.4951,16.5747,1.3877,16.4023,0.1724
rtdetr_l,0.5000,0.3000,93.9579,78.4951,15.4629,0.6033,15.3336,0.1293
fasterrcnn,0.5000,0.3000,92.7340,78.4951,14.2389,0.7585,14.1010,0.1379
yolov8x,0.5000,0.5000,94.8974,78.4951,16.4023,1.5687,16.4023,0.0000
rtdetr_l,0.5000,0.5000,93.8287,78.4951,15.3336,0.7843,15.3336,-0.0000
fasterrcnn,0.5000,0.5000,92.5961,78.4951,14.1010,0.9481,14.1010,0.0000
yolov8x,0.5000,0.7000,92.0703,78.4951,13.5752,4.5165,16.4023,-2.8271
rtdetr_l,0.5000,0.7000,91.1481,78.4951,12.6530,3.7149,15.3336,-2.6806
fasterrcnn,0.5000,0.7000,89.1743,78.4951,10.6792,4.7664,14.1010,-3.4218
yolov8x,0.7500,0.3000,91.6394,78.4951,13.1443,5.8093,16.4023,-3.2580
rtdetr_l,0.7500,0.3000,90.6568,78.4951,12.1617,6.6626,15.3336,-3.1719
fasterrcnn,0.7500,0.3000,91.8549,78.4951,13.3598,2.9995,14.1010,-0.7412
yolov8x,0.7500,0.5000,91.5359,78.4951,13.0409,5.9128,16.4023,-3.3614
rtdetr_l,0.7500,0.5000,90.5620,78.4951,12.0669,6.7575,15.3336,-3.2667
fasterrcnn,0.7500,0.5000,91.7083,78.4951,13.2132,3.1977,14.1010,-0.8878
yolov8x,0.7500,0.7000,89.0708,78.4951,10.5758,8.4210,16.4023,-5.8265
rtdetr_l,0.7500,0.7000,88.2865,78.4951,9.7914,9.1105,15.3336,-5.5422
fasterrcnn,0.7500,0.7000,88.2606,78.4951,9.7656,6.9729,14.1010,-4.3354
