seed,detector,variant,n_joint,n_flagged,cost_pct,joint_recall_flag,joint_recall_conf,diff_pp,diff_lo,diff_hi,ratio,misnumbered_recall_flag,misnumbered_recall_conf,useful,practical
1,yolov8x,flag,166,1335,11.69718741785683,42.16867469879518,29.518072289156628,12.650602409638553,5.586521282931118,20.979236812570143,1.4285714285714284,60.922330097087375,41.50485436893204,False,True
1,yolov8x,gap_only,166,1300,11.390519582931745,39.75903614457831,29.518072289156628,10.240963855421686,2.717391304347826,19.277323580034423,1.346938775510204,57.52427184466019,41.262135922330096,,
1,yolov8x,dup_only,166,96,0.8411460615088058,4.819277108433735,4.216867469879518,0.6024096385542169,-2.9761904761904763,4.195804195804196,1.142857142857143,10.922330097087379,7.281553398058253,,
1,yolov8x,flag_with_third_molars,166,1564,13.70367125208096,51.204819277108435,31.927710843373493,19.27710843373494,10.526315789473685,29.655172413793103,1.6037735849056605,67.71844660194175,43.20388349514563,,
1,rtdetr_l,flag,166,1482,12.88583601425963,42.7710843373494,29.518072289156628,13.25301204819277,0.0,27.15285775986178,1.4489795918367347,65.9090909090909,48.96694214876033,False,True
1,rtdetr_l,gap_only,166,1388,12.068515781236414,40.36144578313253,28.91566265060241,11.44578313253012,-1.3000175500175488,25.252655420181192,1.3958333333333333,60.950413223140494,47.93388429752066,,
1,rtdetr_l,dup_only,166,253,2.199808712285888,6.024096385542169,8.433734939759036,-2.4096385542168677,-8.176616145994434,3.278688524590164,0.7142857142857143,21.487603305785125,15.702479338842975,,
1,rtdetr_l,flag_with_third_molars,166,1718,14.93783149291366,53.01204819277108,31.325301204819276,21.686746987951807,6.593406593406593,37.27835723598435,1.6923076923076923,72.93388429752066,52.68595041322314,,
1,fasterrcnn,flag,166,1846,16.0703403847828,40.963855421686745,30.120481927710845,10.843373493975903,0.6534886681945506,21.428571428571427,1.3599999999999999,73.63253856942497,65.63814866760168,False,False
1,fasterrcnn,gap_only,166,1675,14.581701053364673,39.75903614457831,27.10843373493976,12.650602409638553,2.3525971792225664,23.781213704994183,1.4666666666666666,64.37587657784012,61.85133239831697,,
1,fasterrcnn,dup_only,166,573,4.988247584225646,6.024096385542169,8.433734939759036,-2.4096385542168677,-8.275862068965518,3.2433309933309924,0.7142857142857143,37.166900420757365,30.014025245441797,,
1,fasterrcnn,flag_with_third_molars,166,2079,18.09872029250457,49.397590361445786,35.54216867469879,13.855421686746988,3.797126240164215,23.870967741935484,1.3898305084745763,78.96213183730715,69.14446002805049,,
