detector,comparison,metric,point,ci_lo,ci_hi
yolov8x,position_only,det_top1,94.8199,93.9308,95.6426
yolov8x,position_only,coord_top1,79.0640,77.4872,80.5406
yolov8x,position_only,gap_pp,15.7559,14.4022,17.1022
yolov8x,position_only,missed_pct,1.6290,1.3116,1.9668
yolov8x,position_only,misnumbered_pct,3.5511,2.8848,4.2985
yolov8x,position_only,matched_only_top1,96.3901,95.6162,97.0832
yolov8x,position_only,gap_matched_only_pp,17.0332,15.6756,18.4504
rtdetr_l,position_only,det_top1,94.9578,94.1688,95.7169
rtdetr_l,position_only,coord_top1,79.0640,77.4998,80.5753
rtdetr_l,position_only,gap_pp,15.8938,14.5292,17.2796
rtdetr_l,position_only,missed_pct,0.8705,0.6774,1.0856
rtdetr_l,position_only,misnumbered_pct,4.1717,3.4684,4.9295
rtdetr_l,position_only,matched_only_top1,95.7917,95.0251,96.4915
rtdetr_l,position_only,gap_matched_only_pp,16.5899,15.2217,18.0368
yolov8x,position_only,kappa,0.1491,0.1207,0.1792
yolov8x,position_only,kappa_max,0.3421,0.2988,0.3867
yolov8x,position_only,phi,0.1980,0.1647,0.2305
rtdetr_l,position_only,kappa,0.1484,0.1204,0.1784
rtdetr_l,position_only,kappa_max,0.3341,0.2939,0.3761
rtdetr_l,position_only,phi,0.1990,0.1658,0.2319
yolov8x,rtdetr_l,kappa,0.6019,0.5501,0.6480
yolov8x,rtdetr_l,kappa_max,0.9858,0.9428,0.9991
yolov8x,rtdetr_l,phi,0.6020,0.5509,0.6492
