detector,dx,dy,n_teeth,n_xrays,top1_unshifted,top1_shifted,change_pp,change_lo,change_hi,coord_top1_shifted,n_changed,follow_pct,follow_null_mean_pct,follow_null_p95_pct,follow_p,unshifted_full_top1,section60_top1
fasterrcnn,-0.10,0.00,11578,425,92.61,92.37,-0.23,-0.60,0.14,8.59,496,15.32,3.55,4.84,0.0,92.60,92.60
fasterrcnn,-0.05,0.00,11601,425,92.60,92.72,0.11,-0.27,0.50,23.83,513,25.34,3.45,4.87,0.0,92.60,92.60
fasterrcnn,0.00,-0.05,11602,425,92.60,92.52,-0.08,-0.40,0.25,76.06,340,47.65,3.52,5.29,0.0,92.60,92.60
fasterrcnn,0.00,0.05,11601,425,92.60,92.74,0.15,-0.16,0.45,75.91,346,47.11,3.58,5.20,0.0,92.60,92.60
fasterrcnn,0.05,0.00,11602,425,92.60,92.33,-0.27,-0.70,0.17,21.71,513,27.88,3.27,4.68,0.0,92.60,92.60
fasterrcnn,0.10,0.00,11570,425,92.58,92.22,-0.35,-0.74,0.03,6.78,516,14.73,3.72,5.04,0.0,92.60,92.60
rtdetr_l,-0.10,0.00,11578,425,93.83,93.88,0.04,-0.20,0.28,8.59,204,11.76,3.68,5.88,0.0,93.83,93.83
rtdetr_l,-0.05,0.00,11601,425,93.83,93.97,0.15,-0.11,0.41,23.83,228,28.07,3.66,5.70,0.0,93.83,93.83
rtdetr_l,0.00,-0.05,11602,425,93.83,93.86,0.03,-0.18,0.26,76.06,169,44.97,3.93,6.51,0.0,93.83,93.83
rtdetr_l,0.00,0.05,11601,425,93.83,93.91,0.09,-0.14,0.31,75.91,156,42.95,4.17,7.05,0.0,93.83,93.83
rtdetr_l,0.05,0.00,11602,425,93.83,93.93,0.10,-0.16,0.36,21.71,230,27.83,3.40,5.65,0.0,93.83,93.83
rtdetr_l,0.10,0.00,11570,425,93.82,93.90,0.08,-0.17,0.33,6.78,193,13.47,3.36,5.70,0.0,93.83,93.83
yolov8x,-0.10,0.00,11578,425,94.90,94.87,-0.03,-0.17,0.11,8.59,38,23.68,6.33,13.16,0.0,94.90,94.90
yolov8x,-0.05,0.00,11601,425,94.90,94.85,-0.05,-0.20,0.10,23.83,53,28.30,3.30,7.55,0.0,94.90,94.90
yolov8x,0.00,-0.05,11602,425,94.90,95.05,0.16,0.03,0.28,76.06,27,40.74,5.34,11.11,0.0,94.90,94.90
yolov8x,0.00,0.05,11601,425,94.90,94.90,0.00,-0.13,0.13,75.91,38,44.74,5.83,13.16,0.0,94.90,94.90
yolov8x,0.05,0.00,11602,425,94.90,94.86,-0.03,-0.19,0.12,21.71,45,35.56,4.26,8.89,0.0,94.90,94.90
yolov8x,0.10,0.00,11570,425,94.88,94.94,0.05,-0.09,0.18,6.78,40,17.50,5.39,12.50,0.0,94.90,94.90
