measure,n_movers,closed,closed_lo,closed_hi,open,open_lo,open_hi,closed_minus_open,closed_minus_open_lo,closed_minus_open_hi,half,half_lo,half_hi,half_minus_open,half_minus_open_lo,half_minus_open_hi,rule
all3,1114,20.8259,18.3453,23.2950,0.1795,0.0000,0.4513,20.6463,18.1574,23.1377,2.8725,1.8817,3.9427,2.6930,1.7056,3.7770,1.0000
all4,1114,16.0682,13.9263,18.2469,0.0898,0.0000,0.2732,15.9785,13.8587,18.1324,1.7056,0.9892,2.5022,1.6158,0.9058,2.3876,
pos_fill,1114,56.4632,53.2548,59.6604,10.2334,8.3633,12.1864,46.2298,42.6377,49.8217,31.1490,28.3105,34.1420,20.9156,18.3453,23.5875,
fill_yolov8x,1114,42.2801,39.4186,45.1701,1.9749,1.1733,2.8285,40.3052,37.4441,43.2111,11.7594,9.8478,13.6899,9.7846,7.9323,11.6919,
fill_rtdetr_l,1114,37.7020,34.8021,40.5914,4.2190,3.0728,5.4250,33.4829,30.6195,36.3221,10.8618,8.9591,12.8441,6.6427,4.6222,8.6799,
fill_fasterrcnn,1114,38.2406,35.4545,41.0716,4.6679,3.4173,5.9891,33.5727,30.7831,36.3306,12.4776,10.3448,14.7059,7.8097,5.6450,10.0637,
missed_yolov8x,1114,6.4632,5.0179,7.9788,2.8725,1.9537,3.9112,3.5907,1.9643,5.2963,3.5009,2.4434,4.6222,0.6284,-0.7944,2.0573,
missed_rtdetr_l,1114,0.4488,0.0898,0.8921,3.2316,2.1699,4.3796,-2.7828,-3.9855,-1.6319,0.2693,0.0000,0.6261,-2.9623,-4.0962,-1.8868,
missed_fasterrcnn,1114,0.5386,0.1778,0.9937,4.3986,3.1334,5.7606,-3.8600,-5.2074,-2.6009,0.3591,0.0886,0.7319,-4.0395,-5.3734,-2.7752,
